-- MySQL dump 10.13  Distrib 5.5.38, for debian-linux-gnu (x86_64)
--
-- Host: localhost    Database: d815108
-- ------------------------------------------------------
-- Server version	5.5.38-0ubuntu0.14.04.1

/*!40101 SET @OLD_CHARACTER_SET_CLIENT=@@CHARACTER_SET_CLIENT */;
/*!40101 SET @OLD_CHARACTER_SET_RESULTS=@@CHARACTER_SET_RESULTS */;
/*!40101 SET @OLD_COLLATION_CONNECTION=@@COLLATION_CONNECTION */;
/*!40101 SET NAMES utf8 */;
/*!40103 SET @OLD_TIME_ZONE=@@TIME_ZONE */;
/*!40103 SET TIME_ZONE='+00:00' */;
/*!40014 SET @OLD_UNIQUE_CHECKS=@@UNIQUE_CHECKS, UNIQUE_CHECKS=0 */;
/*!40014 SET @OLD_FOREIGN_KEY_CHECKS=@@FOREIGN_KEY_CHECKS, FOREIGN_KEY_CHECKS=0 */;
/*!40101 SET @OLD_SQL_MODE=@@SQL_MODE, SQL_MODE='NO_AUTO_VALUE_ON_ZERO' */;
/*!40111 SET @OLD_SQL_NOTES=@@SQL_NOTES, SQL_NOTES=0 */;

--
-- Table structure for table `assessment`
--

DROP TABLE IF EXISTS `assessment`;
/*!40101 SET @saved_cs_client     = @@character_set_client */;
/*!40101 SET character_set_client = utf8 */;
CREATE TABLE `assessment` (
  `assessment_id` int(10) NOT NULL AUTO_INCREMENT,
  `assessment_name` varchar(50) NOT NULL,
  `assessment_weight` int(3) NOT NULL,
  `assessment_total` int(3) NOT NULL,
  `ail_id` int(2) NOT NULL,
  `aml_id` int(2) NOT NULL,
  `atl_id` int(2) NOT NULL,
  `course_id` int(5) NOT NULL,
  PRIMARY KEY (`assessment_id`),
  KEY `ail_id` (`ail_id`),
  KEY `aml_id` (`aml_id`),
  KEY `atl_id` (`atl_id`),
  KEY `course_id` (`course_id`),
  CONSTRAINT `assessment_ibfk_1` FOREIGN KEY (`ail_id`) REFERENCES `assessment_info_lookup` (`ail_id`),
  CONSTRAINT `assessment_ibfk_2` FOREIGN KEY (`aml_id`) REFERENCES `assessment_medium_lookup` (`aml_id`),
  CONSTRAINT `assessment_ibfk_3` FOREIGN KEY (`atl_id`) REFERENCES `assessment_type_lookup` (`atl_id`),
  CONSTRAINT `assessment_ibfk_4` FOREIGN KEY (`course_id`) REFERENCES `course` (`course_id`)
) ENGINE=InnoDB DEFAULT CHARSET=latin1;
/*!40101 SET character_set_client = @saved_cs_client */;

--
-- Dumping data for table `assessment`
--

LOCK TABLES `assessment` WRITE;
/*!40000 ALTER TABLE `assessment` DISABLE KEYS */;
/*!40000 ALTER TABLE `assessment` ENABLE KEYS */;
UNLOCK TABLES;

--
-- Table structure for table `assessment_info_lookup`
--

DROP TABLE IF EXISTS `assessment_info_lookup`;
/*!40101 SET @saved_cs_client     = @@character_set_client */;
/*!40101 SET character_set_client = utf8 */;
CREATE TABLE `assessment_info_lookup` (
  `ail_id` int(2) NOT NULL AUTO_INCREMENT,
  `ail_name` varchar(10) NOT NULL,
  PRIMARY KEY (`ail_id`)
) ENGINE=InnoDB DEFAULT CHARSET=latin1;
/*!40101 SET character_set_client = @saved_cs_client */;

--
-- Dumping data for table `assessment_info_lookup`
--

LOCK TABLES `assessment_info_lookup` WRITE;
/*!40000 ALTER TABLE `assessment_info_lookup` DISABLE KEYS */;
/*!40000 ALTER TABLE `assessment_info_lookup` ENABLE KEYS */;
UNLOCK TABLES;

--
-- Table structure for table `assessment_medium_lookup`
--

DROP TABLE IF EXISTS `assessment_medium_lookup`;
/*!40101 SET @saved_cs_client     = @@character_set_client */;
/*!40101 SET character_set_client = utf8 */;
CREATE TABLE `assessment_medium_lookup` (
  `aml_id` int(2) NOT NULL AUTO_INCREMENT,
  `aml_name` varchar(10) NOT NULL,
  PRIMARY KEY (`aml_id`)
) ENGINE=InnoDB DEFAULT CHARSET=latin1;
/*!40101 SET character_set_client = @saved_cs_client */;

--
-- Dumping data for table `assessment_medium_lookup`
--

LOCK TABLES `assessment_medium_lookup` WRITE;
/*!40000 ALTER TABLE `assessment_medium_lookup` DISABLE KEYS */;
/*!40000 ALTER TABLE `assessment_medium_lookup` ENABLE KEYS */;
UNLOCK TABLES;

--
-- Table structure for table `assessment_type_lookup`
--

DROP TABLE IF EXISTS `assessment_type_lookup`;
/*!40101 SET @saved_cs_client     = @@character_set_client */;
/*!40101 SET character_set_client = utf8 */;
CREATE TABLE `assessment_type_lookup` (
  `atl_id` int(2) NOT NULL AUTO_INCREMENT,
  `atl_name` varchar(10) NOT NULL,
  PRIMARY KEY (`atl_id`)
) ENGINE=InnoDB DEFAULT CHARSET=latin1;
/*!40101 SET character_set_client = @saved_cs_client */;

--
-- Dumping data for table `assessment_type_lookup`
--

LOCK TABLES `assessment_type_lookup` WRITE;
/*!40000 ALTER TABLE `assessment_type_lookup` DISABLE KEYS */;
/*!40000 ALTER TABLE `assessment_type_lookup` ENABLE KEYS */;
UNLOCK TABLES;

--
-- Table structure for table `course`
--

DROP TABLE IF EXISTS `course`;
/*!40101 SET @saved_cs_client     = @@character_set_client */;
/*!40101 SET character_set_client = utf8 */;
CREATE TABLE `course` (
  `course_id` int(5) NOT NULL AUTO_INCREMENT,
  `course_code` varchar(8) NOT NULL,
  `course_name` varchar(50) NOT NULL,
  `cpl_id` int(5) NOT NULL,
  `school_id` int(2) NOT NULL,
  PRIMARY KEY (`course_id`),
  KEY `school_id` (`school_id`),
  CONSTRAINT `course_ibfk_1` FOREIGN KEY (`school_id`) REFERENCES `school` (`school_id`)
) ENGINE=InnoDB AUTO_INCREMENT=5 DEFAULT CHARSET=latin1;
/*!40101 SET character_set_client = @saved_cs_client */;

--
-- Dumping data for table `course`
--

LOCK TABLES `course` WRITE;
/*!40000 ALTER TABLE `course` DISABLE KEYS */;
INSERT INTO `course` VALUES (1,'COMS1015','Basic Computer Organisation',1,1),(2,'COMS1018','Introduction to Algorithms and Programming',1,1),(3,'COMS2001','Operating Systems',2,1),(4,'COMS2002','Database Fundamentals',1,1);
/*!40000 ALTER TABLE `course` ENABLE KEYS */;
UNLOCK TABLES;

--
-- Table structure for table `course_period_lookup`
--

DROP TABLE IF EXISTS `course_period_lookup`;
/*!40101 SET @saved_cs_client     = @@character_set_client */;
/*!40101 SET character_set_client = utf8 */;
CREATE TABLE `course_period_lookup` (
  `cpl_id` int(1) NOT NULL AUTO_INCREMENT,
  `cpl_name` varchar(30) NOT NULL,
  `cpl_period` int(2) NOT NULL,
  `cpl_offset` int(1) DEFAULT NULL,
  PRIMARY KEY (`cpl_id`),
  UNIQUE KEY `cpl_name` (`cpl_name`)
) ENGINE=InnoDB AUTO_INCREMENT=4 DEFAULT CHARSET=latin1;
/*!40101 SET character_set_client = @saved_cs_client */;

--
-- Dumping data for table `course_period_lookup`
--

LOCK TABLES `course_period_lookup` WRITE;
/*!40000 ALTER TABLE `course_period_lookup` DISABLE KEYS */;
INSERT INTO `course_period_lookup` VALUES (1,'Semester 1',6,0),(2,'Semester 2',6,6),(3,'Full Year',12,0);
/*!40000 ALTER TABLE `course_period_lookup` ENABLE KEYS */;
UNLOCK TABLES;

--
-- Table structure for table `faculty`
--

DROP TABLE IF EXISTS `faculty`;
/*!40101 SET @saved_cs_client     = @@character_set_client */;
/*!40101 SET character_set_client = utf8 */;
CREATE TABLE `faculty` (
  `faculty_id` int(1) NOT NULL AUTO_INCREMENT,
  `faculty_name` varchar(5) NOT NULL,
  PRIMARY KEY (`faculty_id`)
) ENGINE=InnoDB AUTO_INCREMENT=6 DEFAULT CHARSET=latin1;
/*!40101 SET character_set_client = @saved_cs_client */;

--
-- Dumping data for table `faculty`
--

LOCK TABLES `faculty` WRITE;
/*!40000 ALTER TABLE `faculty` DISABLE KEYS */;
INSERT INTO `faculty` VALUES (1,'Comme'),(2,'Engin'),(3,'Healt'),(4,'Human'),(5,'Scien');
/*!40000 ALTER TABLE `faculty` ENABLE KEYS */;
UNLOCK TABLES;

--
-- Table structure for table `mark`
--

DROP TABLE IF EXISTS `mark`;
/*!40101 SET @saved_cs_client     = @@character_set_client */;
/*!40101 SET character_set_client = utf8 */;
CREATE TABLE `mark` (
  `mark_id` int(64) NOT NULL AUTO_INCREMENT,
  `mark_total` int(3) NOT NULL,
  `user_id` int(7) NOT NULL,
  `assessment_id` int(10) NOT NULL,
  PRIMARY KEY (`mark_id`),
  KEY `user_id` (`user_id`),
  KEY `assessment_id` (`assessment_id`),
  CONSTRAINT `mark_ibfk_2` FOREIGN KEY (`assessment_id`) REFERENCES `assessment` (`assessment_id`),
  CONSTRAINT `mark_ibfk_1` FOREIGN KEY (`user_id`) REFERENCES `user` (`user_id`)
) ENGINE=InnoDB DEFAULT CHARSET=latin1;
/*!40101 SET character_set_client = @saved_cs_client */;

--
-- Dumping data for table `mark`
--

LOCK TABLES `mark` WRITE;
/*!40000 ALTER TABLE `mark` DISABLE KEYS */;
/*!40000 ALTER TABLE `mark` ENABLE KEYS */;
UNLOCK TABLES;

--
-- Table structure for table `municipality`
--

DROP TABLE IF EXISTS `municipality`;
/*!40101 SET @saved_cs_client     = @@character_set_client */;
/*!40101 SET character_set_client = utf8 */;
CREATE TABLE `municipality` (
  `mun_id` int(2) NOT NULL DEFAULT '0',
  `mun_name` varchar(20) DEFAULT NULL,
  `latitude` varchar(55) DEFAULT NULL,
  `longitude` varchar(55) DEFAULT NULL,
  PRIMARY KEY (`mun_id`)
) ENGINE=InnoDB DEFAULT CHARSET=latin1;
/*!40101 SET character_set_client = @saved_cs_client */;

--
-- Dumping data for table `municipality`
--

LOCK TABLES `municipality` WRITE;
/*!40000 ALTER TABLE `municipality` DISABLE KEYS */;
INSERT INTO `municipality` VALUES (1,'city of joburg','37.22006','-122.08409'),(2,'mangaung','2','2'),(3,'ethikwini','3','3'),(4,'city of cape town','4','4'),(5,'polokwane','5','5'),(6,'nelson mandela','6','6'),(7,'sol plaatje','7','7'),(8,'mahikeng','8','8'),(9,'mbombela','9','9');
/*!40000 ALTER TABLE `municipality` ENABLE KEYS */;
UNLOCK TABLES;

--
-- Table structure for table `potholes`
--

DROP TABLE IF EXISTS `potholes`;
/*!40101 SET @saved_cs_client     = @@character_set_client */;
/*!40101 SET character_set_client = utf8 */;
CREATE TABLE `potholes` (
  `id` int(11) NOT NULL AUTO_INCREMENT,
  `latitude` varchar(11) DEFAULT '8',
  `longitude` varchar(11) DEFAULT '8',
  `name` varchar(50) DEFAULT NULL,
  `path` varchar(50) DEFAULT NULL,
  `date` timestamp NOT NULL DEFAULT CURRENT_TIMESTAMP ON UPDATE CURRENT_TIMESTAMP,
  `users_email` varchar(50) DEFAULT NULL,
  `captions` varchar(55) DEFAULT NULL,
  `flag` tinyint(1) DEFAULT '0',
  `vote` int(11) DEFAULT '1',
  PRIMARY KEY (`id`),
  KEY `users_email` (`users_email`),
  CONSTRAINT `potholes_ibfk_1` FOREIGN KEY (`users_email`) REFERENCES `users` (`email`)
) ENGINE=InnoDB AUTO_INCREMENT=16 DEFAULT CHARSET=latin1;
/*!40101 SET character_set_client = @saved_cs_client */;

--
-- Dumping data for table `potholes`
--

LOCK TABLES `potholes` WRITE;
/*!40000 ALTER TABLE `potholes` DISABLE KEYS */;
INSERT INTO `potholes` VALUES (1,'7','7','pothole1.jpg','/home/s815108/public_html/images/pothole.jpg','2016-05-20 06:08:50','kat@gmail.com','This is pothole is very dangerous',0,1),(2,'3','3','pothole3.jpg','/home/s815108/public_html/images/pothole3.jpg','2016-05-20 10:44:49','app@me.com','I cant get to work because of this pothole',0,1),(3,'9','9','pothole4.jpg','/home/s815108/public_html/images/pothole4.jpg','2016-05-20 06:10:35','app@gmail.com','The government needs to fix this urgently',0,1),(4,'6','6','pothole5.jpg','/home/s815108/public_html/images/pothole5.jpg','2016-05-20 08:14:04','kat@gmail.com','These are hurting my car',0,1),(5,NULL,NULL,'pothole7.jpg','/home/s815108/public_html/images/pothole7.jpg','2016-05-20 08:15:34','app@gmail.com','This one might caurse an accident',0,1),(6,'5','5','pothole9.jpg','/home/s815108/public_html/images/pothole9.jpg','2016-05-20 08:17:39','kat@gmail.com','This must be taken care of',0,1),(13,'8','8','testing123.jpg','/home/s815108/public_html/images/testing123.jpg','2016-05-20 10:28:58','app@me.com',NULL,0,1),(14,'8','8','testing123.jpg','/home/s815108/public_html/images/testing123.jpg','2016-05-20 10:39:25','app@me.com',NULL,0,1),(15,'8','8','testing123.jpg','/home/s815108/public_html/images/testing123.jpg','2016-05-20 10:48:16','Pravesh@gmail.com',NULL,0,1);
/*!40000 ALTER TABLE `potholes` ENABLE KEYS */;
UNLOCK TABLES;

--
-- Table structure for table `school`
--

DROP TABLE IF EXISTS `school`;
/*!40101 SET @saved_cs_client     = @@character_set_client */;
/*!40101 SET character_set_client = utf8 */;
CREATE TABLE `school` (
  `school_id` int(2) NOT NULL AUTO_INCREMENT,
  `school_name` varchar(50) NOT NULL,
  `faculty_id` int(1) NOT NULL,
  PRIMARY KEY (`school_id`),
  KEY `faculty_id` (`faculty_id`),
  CONSTRAINT `school_ibfk_1` FOREIGN KEY (`faculty_id`) REFERENCES `faculty` (`faculty_id`)
) ENGINE=InnoDB AUTO_INCREMENT=2 DEFAULT CHARSET=latin1;
/*!40101 SET character_set_client = @saved_cs_client */;

--
-- Dumping data for table `school`
--

LOCK TABLES `school` WRITE;
/*!40000 ALTER TABLE `school` DISABLE KEYS */;
INSERT INTO `school` VALUES (1,'Computer Science and Applied Mathematics',5);
/*!40000 ALTER TABLE `school` ENABLE KEYS */;
UNLOCK TABLES;

--
-- Table structure for table `subject`
--

DROP TABLE IF EXISTS `subject`;
/*!40101 SET @saved_cs_client     = @@character_set_client */;
/*!40101 SET character_set_client = utf8 */;
CREATE TABLE `subject` (
  `subject_id` int(128) NOT NULL AUTO_INCREMENT,
  `subject_enrollmentyear` int(4) NOT NULL,
  `course_id` int(5) NOT NULL,
  `user_id` int(7) NOT NULL,
  PRIMARY KEY (`subject_id`),
  UNIQUE KEY `unique_enrollment` (`subject_enrollmentyear`,`course_id`,`user_id`),
  KEY `user_id` (`user_id`),
  KEY `course_id` (`course_id`),
  CONSTRAINT `subject_ibfk_2` FOREIGN KEY (`course_id`) REFERENCES `course` (`course_id`),
  CONSTRAINT `subject_ibfk_1` FOREIGN KEY (`user_id`) REFERENCES `user` (`user_id`)
) ENGINE=InnoDB AUTO_INCREMENT=3394 DEFAULT CHARSET=latin1;
/*!40101 SET character_set_client = @saved_cs_client */;

--
-- Dumping data for table `subject`
--

LOCK TABLES `subject` WRITE;
/*!40000 ALTER TABLE `subject` DISABLE KEYS */;
INSERT INTO `subject` VALUES (99,2013,1,500594),(127,2013,1,502310),(68,2013,1,504330),(18,2013,1,505856),(73,2013,1,509397),(59,2013,1,510648),(10,2013,1,511170),(9,2013,1,511945),(85,2013,1,514038),(123,2013,1,517477),(47,2013,1,517522),(33,2013,1,517865),(77,2013,1,519362),(86,2013,1,519695),(57,2013,1,525376),(21,2013,1,526304),(50,2013,1,528701),(27,2013,1,528984),(39,2013,1,529620),(42,2013,1,531378),(29,2013,1,532623),(30,2013,1,533059),(87,2013,1,533274),(93,2013,1,535309),(4,2013,1,536609),(40,2013,1,538834),(31,2013,1,541557),(1,2013,1,542821),(24,2013,1,543796),(23,2013,1,544182),(104,2013,1,544740),(8,2013,1,548557),(113,2013,1,548710),(97,2013,1,549968),(90,2013,1,554625),(49,2013,1,555727),(122,2013,1,560705),(7,2013,1,560763),(81,2013,1,563082),(63,2013,1,564943),(15,2013,1,567817),(117,2013,1,568258),(67,2013,1,575263),(71,2013,1,576969),(69,2013,1,578356),(89,2013,1,578509),(12,2013,1,579187),(26,2013,1,579556),(115,2013,1,580243),(91,2013,1,581445),(32,2013,1,583059),(120,2013,1,583740),(46,2013,1,587123),(5,2013,1,590622),(45,2013,1,590683),(105,2013,1,591758),(34,2013,1,594317),(37,2013,1,596813),(96,2013,1,600153),(125,2013,1,601241),(70,2013,1,601938),(100,2013,1,602060),(121,2013,1,603889),(72,2013,1,604861),(107,2013,1,605595),(20,2013,1,606284),(128,2013,1,607975),(106,2013,1,610149),(119,2013,1,610983),(54,2013,1,612035),(28,2013,1,613038),(108,2013,1,617466),(76,2013,1,618585),(41,2013,1,622116),(103,2013,1,622411),(2,2013,1,624508),(13,2013,1,625617),(80,2013,1,626045),(65,2013,1,628103),(84,2013,1,632002),(79,2013,1,632984),(94,2013,1,635970),(17,2013,1,636478),(62,2013,1,640475),(102,2013,1,642273),(51,2013,1,643620),(19,2013,1,646684),(95,2013,1,647616),(56,2013,1,648246),(111,2013,1,648323),(88,2013,1,651312),(16,2013,1,651443),(3,2013,1,656409),(14,2013,1,656482),(61,2013,1,657138),(44,2013,1,657949),(74,2013,1,658397),(110,2013,1,658748),(11,2013,1,663699),(124,2013,1,664555),(35,2013,1,664582),(92,2013,1,665689),(66,2013,1,665997),(52,2013,1,666389),(83,2013,1,670656),(36,2013,1,670968),(58,2013,1,671522),(101,2013,1,671612),(98,2013,1,672256),(60,2013,1,672892),(38,2013,1,673360),(109,2013,1,673628),(82,2013,1,674096),(75,2013,1,675877),(114,2013,1,677566),(64,2013,1,679620),(118,2013,1,680520),(126,2013,1,680571),(112,2013,1,681156),(48,2013,1,686345),(55,2013,1,686721),(25,2013,1,688511),(116,2013,1,689544),(22,2013,1,689779),(6,2013,1,692015),(43,2013,1,694641),(53,2013,1,694741),(78,2013,1,696219),(249,2014,1,700166),(239,2014,1,701070),(129,2014,1,702696),(152,2014,1,702998),(209,2014,1,703338),(212,2014,1,704005),(202,2014,1,705635),(207,2014,1,710148),(253,2014,1,710618),(170,2014,1,711724),(182,2014,1,713390),(134,2014,1,718548),(168,2014,1,718921),(142,2014,1,721373),(203,2014,1,722183),(258,2014,1,728799),(221,2014,1,729203),(232,2014,1,733426),(196,2014,1,735374),(241,2014,1,737467),(219,2014,1,738238),(195,2014,1,739134),(135,2014,1,739390),(141,2014,1,739479),(163,2014,1,739591),(223,2014,1,741993),(136,2014,1,742159),(137,2014,1,742760),(183,2014,1,745091),(204,2014,1,750525),(254,2014,1,750754),(231,2014,1,751589),(145,2014,1,752097),(200,2014,1,753626),(158,2014,1,754312),(131,2014,1,757100),(147,2014,1,758519),(193,2014,1,761685),(247,2014,1,762257),(165,2014,1,763363),(130,2014,1,764138),(246,2014,1,765766),(157,2014,1,766220),(188,2014,1,767380),(205,2014,1,767476),(181,2014,1,768884),(180,2014,1,769741),(184,2014,1,771512),(228,2014,1,773366),(256,2014,1,774736),(245,2014,1,775789),(177,2014,1,775975),(243,2014,1,776010),(190,2014,1,777698),(154,2014,1,779539),(201,2014,1,781430),(156,2014,1,782734),(214,2014,1,787171),(173,2014,1,789162),(250,2014,1,792875),(151,2014,1,799164),(255,2014,1,799227),(235,2014,1,800981),(252,2014,1,801622),(213,2014,1,801900),(166,2014,1,802449),(153,2014,1,803277),(216,2014,1,806711),(143,2014,1,809398),(211,2014,1,810220),(257,2014,1,810265),(159,2014,1,815253),(140,2014,1,815581),(146,2014,1,817477),(150,2014,1,818368),(251,2014,1,818801),(175,2014,1,819370),(236,2014,1,820006),(185,2014,1,820362),(233,2014,1,820768),(229,2014,1,821586),(244,2014,1,823653),(199,2014,1,826065),(171,2014,1,827890),(132,2014,1,831851),(194,2014,1,834609),(240,2014,1,834907),(206,2014,1,836111),(144,2014,1,839515),(197,2014,1,843550),(178,2014,1,847162),(187,2014,1,847178),(186,2014,1,847322),(238,2014,1,848255),(198,2014,1,848486),(225,2014,1,850502),(133,2014,1,851935),(161,2014,1,852306),(227,2014,1,853325),(220,2014,1,855371),(167,2014,1,856563),(248,2014,1,857683),(208,2014,1,857827),(162,2014,1,858618),(230,2014,1,859457),(217,2014,1,860832),(189,2014,1,861249),(222,2014,1,864261),(164,2014,1,866211),(148,2014,1,872474),(139,2014,1,872966),(176,2014,1,873397),(149,2014,1,876064),(172,2014,1,876762),(155,2014,1,877147),(169,2014,1,877217),(237,2014,1,878485),(192,2014,1,878710),(234,2014,1,880592),(242,2014,1,881174),(210,2014,1,884028),(215,2014,1,884625),(224,2014,1,885380),(191,2014,1,887171),(226,2014,1,889042),(160,2014,1,891460),(218,2014,1,894726),(179,2014,1,896104),(174,2014,1,896456),(138,2014,1,898978),(1459,2014,2,700166),(1449,2014,2,701070),(1339,2014,2,702696),(1362,2014,2,702998),(1419,2014,2,703338),(1422,2014,2,704005),(1412,2014,2,705635),(1417,2014,2,710148),(1463,2014,2,710618),(1380,2014,2,711724),(1392,2014,2,713390),(1344,2014,2,718548),(1378,2014,2,718921),(1352,2014,2,721373),(1413,2014,2,722183),(1468,2014,2,728799),(1431,2014,2,729203),(1442,2014,2,733426),(1406,2014,2,735374),(1451,2014,2,737467),(1429,2014,2,738238),(1405,2014,2,739134),(1345,2014,2,739390),(1351,2014,2,739479),(1373,2014,2,739591),(1433,2014,2,741993),(1346,2014,2,742159),(1347,2014,2,742760),(1393,2014,2,745091),(1414,2014,2,750525),(1464,2014,2,750754),(1441,2014,2,751589),(1355,2014,2,752097),(1410,2014,2,753626),(1368,2014,2,754312),(1341,2014,2,757100),(1357,2014,2,758519),(1403,2014,2,761685),(1457,2014,2,762257),(1375,2014,2,763363),(1340,2014,2,764138),(1456,2014,2,765766),(1367,2014,2,766220),(1398,2014,2,767380),(1415,2014,2,767476),(1391,2014,2,768884),(1390,2014,2,769741),(1394,2014,2,771512),(1438,2014,2,773366),(1466,2014,2,774736),(1455,2014,2,775789),(1387,2014,2,775975),(1453,2014,2,776010),(1400,2014,2,777698),(1364,2014,2,779539),(1411,2014,2,781430),(1366,2014,2,782734),(1424,2014,2,787171),(1383,2014,2,789162),(1460,2014,2,792875),(1361,2014,2,799164),(1465,2014,2,799227),(1445,2014,2,800981),(1462,2014,2,801622),(1423,2014,2,801900),(1376,2014,2,802449),(1363,2014,2,803277),(1426,2014,2,806711),(1353,2014,2,809398),(1421,2014,2,810220),(1467,2014,2,810265),(1369,2014,2,815253),(1350,2014,2,815581),(1356,2014,2,817477),(1360,2014,2,818368),(1461,2014,2,818801),(1385,2014,2,819370),(1446,2014,2,820006),(1395,2014,2,820362),(1443,2014,2,820768),(1439,2014,2,821586),(1454,2014,2,823653),(1409,2014,2,826065),(1381,2014,2,827890),(1342,2014,2,831851),(1404,2014,2,834609),(1450,2014,2,834907),(1416,2014,2,836111),(1354,2014,2,839515),(1407,2014,2,843550),(1388,2014,2,847162),(1397,2014,2,847178),(1396,2014,2,847322),(1448,2014,2,848255),(1408,2014,2,848486),(1435,2014,2,850502),(1343,2014,2,851935),(1371,2014,2,852306),(1437,2014,2,853325),(1430,2014,2,855371),(1377,2014,2,856563),(1458,2014,2,857683),(1418,2014,2,857827),(1372,2014,2,858618),(1440,2014,2,859457),(1427,2014,2,860832),(1399,2014,2,861249),(1432,2014,2,864261),(1374,2014,2,866211),(1358,2014,2,872474),(1349,2014,2,872966),(1386,2014,2,873397),(1359,2014,2,876064),(1382,2014,2,876762),(1365,2014,2,877147),(1379,2014,2,877217),(1447,2014,2,878485),(1402,2014,2,878710),(1444,2014,2,880592),(1452,2014,2,881174),(1420,2014,2,884028),(1425,2014,2,884625),(1434,2014,2,885380),(1401,2014,2,887171),(1436,2014,2,889042),(1370,2014,2,891460),(1428,2014,2,894726),(1389,2014,2,896104),(1384,2014,2,896456),(1348,2014,2,898978),(2567,2014,3,505856),(2608,2014,3,510648),(2559,2014,3,511170),(2558,2014,3,511945),(2596,2014,3,517522),(2582,2014,3,517865),(2606,2014,3,525376),(2570,2014,3,526304),(2599,2014,3,528701),(2576,2014,3,528984),(2588,2014,3,529620),(2591,2014,3,531378),(2578,2014,3,532623),(2579,2014,3,533059),(2553,2014,3,536609),(2589,2014,3,538834),(2580,2014,3,541557),(2550,2014,3,542821),(2573,2014,3,543796),(2572,2014,3,544182),(2557,2014,3,548557),(2598,2014,3,555727),(2556,2014,3,560763),(2612,2014,3,564943),(2564,2014,3,567817),(2561,2014,3,579187),(2575,2014,3,579556),(2581,2014,3,583059),(2595,2014,3,587123),(2554,2014,3,590622),(2594,2014,3,590683),(2583,2014,3,594317),(2586,2014,3,596813),(2569,2014,3,606284),(2603,2014,3,612035),(2577,2014,3,613038),(2590,2014,3,622116),(2551,2014,3,624508),(2562,2014,3,625617),(2566,2014,3,636478),(2611,2014,3,640475),(2600,2014,3,643620),(2568,2014,3,646684),(2605,2014,3,648246),(2565,2014,3,651443),(2552,2014,3,656409),(2563,2014,3,656482),(2610,2014,3,657138),(2593,2014,3,657949),(2560,2014,3,663699),(2584,2014,3,664582),(2601,2014,3,666389),(2585,2014,3,670968),(2607,2014,3,671522),(2609,2014,3,672892),(2587,2014,3,673360),(2597,2014,3,686345),(2604,2014,3,686721),(2574,2014,3,688511),(2571,2014,3,689779),(2555,2014,3,692015),(2592,2014,3,694641),(2602,2014,3,694741),(3034,2014,4,505856),(3075,2014,4,510648),(3026,2014,4,511170),(3025,2014,4,511945),(3063,2014,4,517522),(3049,2014,4,517865),(3073,2014,4,525376),(3037,2014,4,526304),(3066,2014,4,528701),(3043,2014,4,528984),(3055,2014,4,529620),(3058,2014,4,531378),(3045,2014,4,532623),(3046,2014,4,533059),(3020,2014,4,536609),(3056,2014,4,538834),(3047,2014,4,541557),(3017,2014,4,542821),(3040,2014,4,543796),(3039,2014,4,544182),(3024,2014,4,548557),(3065,2014,4,555727),(3023,2014,4,560763),(3079,2014,4,564943),(3031,2014,4,567817),(3083,2014,4,575263),(3028,2014,4,579187),(3042,2014,4,579556),(3048,2014,4,583059),(3062,2014,4,587123),(3021,2014,4,590622),(3061,2014,4,590683),(3050,2014,4,594317),(3053,2014,4,596813),(3036,2014,4,606284),(3070,2014,4,612035),(3044,2014,4,613038),(3057,2014,4,622116),(3018,2014,4,624508),(3029,2014,4,625617),(3081,2014,4,628103),(3033,2014,4,636478),(3078,2014,4,640475),(3067,2014,4,643620),(3035,2014,4,646684),(3072,2014,4,648246),(3032,2014,4,651443),(3019,2014,4,656409),(3030,2014,4,656482),(3077,2014,4,657138),(3060,2014,4,657949),(3027,2014,4,663699),(3051,2014,4,664582),(3082,2014,4,665997),(3068,2014,4,666389),(3052,2014,4,670968),(3074,2014,4,671522),(3076,2014,4,672892),(3054,2014,4,673360),(3080,2014,4,679620),(3064,2014,4,686345),(3071,2014,4,686721),(3041,2014,4,688511),(3038,2014,4,689779),(3022,2014,4,692015),(3059,2014,4,694641),(3069,2014,4,694741),(407,2015,1,900987),(492,2015,1,901196),(537,2015,1,903294),(536,2015,1,904034),(498,2015,1,906590),(416,2015,1,906672),(424,2015,1,912551),(463,2015,1,913368),(480,2015,1,915621),(444,2015,1,916241),(533,2015,1,916393),(389,2015,1,917780),(516,2015,1,917980),(472,2015,1,918774),(477,2015,1,919178),(485,2015,1,920511),(489,2015,1,922097),(476,2015,1,924834),(518,2015,1,926071),(394,2015,1,927110),(512,2015,1,927175),(399,2015,1,928020),(435,2015,1,929044),(398,2015,1,929923),(393,2015,1,931020),(517,2015,1,931356),(525,2015,1,931974),(466,2015,1,933508),(447,2015,1,934486),(441,2015,1,934841),(526,2015,1,935913),(434,2015,1,943674),(432,2015,1,944555),(457,2015,1,945303),(503,2015,1,945888),(405,2015,1,954186),(478,2015,1,955568),(474,2015,1,955597),(425,2015,1,955900),(400,2015,1,957785),(482,2015,1,958388),(509,2015,1,958744),(531,2015,1,961127),(471,2015,1,964144),(449,2015,1,964716),(433,2015,1,967020),(467,2015,1,968069),(483,2015,1,968103),(421,2015,1,969397),(494,2015,1,971204),(468,2015,1,971410),(420,2015,1,971539),(454,2015,1,973931),(456,2015,1,975690),(422,2015,1,980041),(486,2015,1,981145),(461,2015,1,984980),(496,2015,1,987104),(508,2015,1,990135),(391,2015,1,990287),(438,2015,1,991225),(442,2015,1,993828),(527,2015,1,994956),(497,2015,1,996425),(401,2015,1,997234),(523,2015,1,997803),(437,2015,1,998507),(452,2015,1,998540),(520,2015,1,999371),(475,2015,1,1003155),(411,2015,1,1005971),(427,2015,1,1012029),(423,2015,1,1012586),(470,2015,1,1012994),(521,2015,1,1013505),(460,2015,1,1016275),(507,2015,1,1016882),(392,2015,1,1017571),(473,2015,1,1018236),(484,2015,1,1022261),(532,2015,1,1022711),(465,2015,1,1023193),(458,2015,1,1023266),(502,2015,1,1024261),(446,2015,1,1025196),(443,2015,1,1025483),(430,2015,1,1025925),(499,2015,1,1027569),(495,2015,1,1030977),(513,2015,1,1034616),(493,2015,1,1035082),(505,2015,1,1035555),(462,2015,1,1036988),(515,2015,1,1038592),(396,2015,1,1040918),(419,2015,1,1041146),(409,2015,1,1041589),(440,2015,1,1045007),(529,2015,1,1045259),(469,2015,1,1045516),(431,2015,1,1045665),(439,2015,1,1046999),(415,2015,1,1047585),(514,2015,1,1047861),(406,2015,1,1048823),(501,2015,1,1049453),(445,2015,1,1051266),(511,2015,1,1052723),(413,2015,1,1052742),(418,2015,1,1054107),(481,2015,1,1054464),(535,2015,1,1055262),(397,2015,1,1055924),(412,2015,1,1056032),(402,2015,1,1056292),(522,2015,1,1057400),(530,2015,1,1059492),(506,2015,1,1060071),(426,2015,1,1060101),(390,2015,1,1060475),(500,2015,1,1060816),(464,2015,1,1061278),(534,2015,1,1062250),(459,2015,1,1064870),(528,2015,1,1066559),(403,2015,1,1071736),(524,2015,1,1072862),(504,2015,1,1074786),(519,2015,1,1075064),(414,2015,1,1075617),(417,2015,1,1078553),(395,2015,1,1079923),(451,2015,1,1080673),(479,2015,1,1081902),(404,2015,1,1082827),(410,2015,1,1083413),(455,2015,1,1083510),(436,2015,1,1083707),(408,2015,1,1085354),(488,2015,1,1087286),(428,2015,1,1091472),(487,2015,1,1091802),(490,2015,1,1093995),(491,2015,1,1094896),(429,2015,1,1095624),(448,2015,1,1096060),(453,2015,1,1097532),(510,2015,1,1098418),(450,2015,1,1099969),(1617,2015,2,900987),(1702,2015,2,901196),(1747,2015,2,903294),(1746,2015,2,904034),(1708,2015,2,906590),(1626,2015,2,906672),(1634,2015,2,912551),(1673,2015,2,913368),(1690,2015,2,915621),(1654,2015,2,916241),(1743,2015,2,916393),(1599,2015,2,917780),(1726,2015,2,917980),(1682,2015,2,918774),(1687,2015,2,919178),(1695,2015,2,920511),(1699,2015,2,922097),(1686,2015,2,924834),(1728,2015,2,926071),(1604,2015,2,927110),(1722,2015,2,927175),(1609,2015,2,928020),(1645,2015,2,929044),(1608,2015,2,929923),(1603,2015,2,931020),(1727,2015,2,931356),(1735,2015,2,931974),(1676,2015,2,933508),(1657,2015,2,934486),(1651,2015,2,934841),(1736,2015,2,935913),(1644,2015,2,943674),(1642,2015,2,944555),(1667,2015,2,945303),(1713,2015,2,945888),(1615,2015,2,954186),(1688,2015,2,955568),(1684,2015,2,955597),(1635,2015,2,955900),(1610,2015,2,957785),(1692,2015,2,958388),(1719,2015,2,958744),(1741,2015,2,961127),(1681,2015,2,964144),(1659,2015,2,964716),(1643,2015,2,967020),(1677,2015,2,968069),(1693,2015,2,968103),(1631,2015,2,969397),(1704,2015,2,971204),(1678,2015,2,971410),(1630,2015,2,971539),(1664,2015,2,973931),(1666,2015,2,975690),(1632,2015,2,980041),(1696,2015,2,981145),(1671,2015,2,984980),(1706,2015,2,987104),(1718,2015,2,990135),(1601,2015,2,990287),(1648,2015,2,991225),(1652,2015,2,993828),(1737,2015,2,994956),(1707,2015,2,996425),(1611,2015,2,997234),(1733,2015,2,997803),(1647,2015,2,998507),(1662,2015,2,998540),(1730,2015,2,999371),(1685,2015,2,1003155),(1621,2015,2,1005971),(1637,2015,2,1012029),(1633,2015,2,1012586),(1680,2015,2,1012994),(1731,2015,2,1013505),(1670,2015,2,1016275),(1717,2015,2,1016882),(1602,2015,2,1017571),(1683,2015,2,1018236),(1694,2015,2,1022261),(1742,2015,2,1022711),(1675,2015,2,1023193),(1668,2015,2,1023266),(1712,2015,2,1024261),(1656,2015,2,1025196),(1653,2015,2,1025483),(1640,2015,2,1025925),(1709,2015,2,1027569),(1705,2015,2,1030977),(1723,2015,2,1034616),(1703,2015,2,1035082),(1715,2015,2,1035555),(1672,2015,2,1036988),(1725,2015,2,1038592),(1606,2015,2,1040918),(1629,2015,2,1041146),(1619,2015,2,1041589),(1650,2015,2,1045007),(1739,2015,2,1045259),(1679,2015,2,1045516),(1641,2015,2,1045665),(1649,2015,2,1046999),(1625,2015,2,1047585),(1724,2015,2,1047861),(1616,2015,2,1048823),(1711,2015,2,1049453),(1655,2015,2,1051266),(1721,2015,2,1052723),(1623,2015,2,1052742),(1628,2015,2,1054107),(1691,2015,2,1054464),(1745,2015,2,1055262),(1607,2015,2,1055924),(1622,2015,2,1056032),(1612,2015,2,1056292),(1732,2015,2,1057400),(1740,2015,2,1059492),(1716,2015,2,1060071),(1636,2015,2,1060101),(1600,2015,2,1060475),(1710,2015,2,1060816),(1674,2015,2,1061278),(1744,2015,2,1062250),(1669,2015,2,1064870),(1738,2015,2,1066559),(1613,2015,2,1071736),(1734,2015,2,1072862),(1714,2015,2,1074786),(1729,2015,2,1075064),(1624,2015,2,1075617),(1627,2015,2,1078553),(1605,2015,2,1079923),(1661,2015,2,1080673),(1689,2015,2,1081902),(1614,2015,2,1082827),(1620,2015,2,1083413),(1665,2015,2,1083510),(1646,2015,2,1083707),(1618,2015,2,1085354),(1698,2015,2,1087286),(1638,2015,2,1091472),(1697,2015,2,1091802),(1700,2015,2,1093995),(1701,2015,2,1094896),(1639,2015,2,1095624),(1658,2015,2,1096060),(1663,2015,2,1097532),(1720,2015,2,1098418),(1660,2015,2,1099969),(2613,2015,3,702696),(2636,2015,3,702998),(2686,2015,3,705635),(2654,2015,3,711724),(2666,2015,3,713390),(2618,2015,3,718548),(2652,2015,3,718921),(2626,2015,3,721373),(2687,2015,3,722183),(2691,2015,3,728799),(2680,2015,3,735374),(2679,2015,3,739134),(2619,2015,3,739390),(2625,2015,3,739479),(2647,2015,3,739591),(2620,2015,3,742159),(2621,2015,3,742760),(2667,2015,3,745091),(2688,2015,3,750525),(2629,2015,3,752097),(2684,2015,3,753626),(2642,2015,3,754312),(2615,2015,3,757100),(2631,2015,3,758519),(2677,2015,3,761685),(2649,2015,3,763363),(2614,2015,3,764138),(2641,2015,3,766220),(2672,2015,3,767380),(2665,2015,3,768884),(2664,2015,3,769741),(2668,2015,3,771512),(2689,2015,3,774736),(2661,2015,3,775975),(2674,2015,3,777698),(2638,2015,3,779539),(2685,2015,3,781430),(2640,2015,3,782734),(2657,2015,3,789162),(2635,2015,3,799164),(2650,2015,3,802449),(2637,2015,3,803277),(2627,2015,3,809398),(2690,2015,3,810265),(2643,2015,3,815253),(2624,2015,3,815581),(2630,2015,3,817477),(2634,2015,3,818368),(2659,2015,3,819370),(2669,2015,3,820362),(2683,2015,3,826065),(2655,2015,3,827890),(2616,2015,3,831851),(2678,2015,3,834609),(2628,2015,3,839515),(2681,2015,3,843550),(2662,2015,3,847162),(2671,2015,3,847178),(2670,2015,3,847322),(2682,2015,3,848486),(2617,2015,3,851935),(2645,2015,3,852306),(2651,2015,3,856563),(2646,2015,3,858618),(2673,2015,3,861249),(2648,2015,3,866211),(2632,2015,3,872474),(2623,2015,3,872966),(2660,2015,3,873397),(2633,2015,3,876064),(2656,2015,3,876762),(2639,2015,3,877147),(2653,2015,3,877217),(2676,2015,3,878710),(2675,2015,3,887171),(2644,2015,3,891460),(2663,2015,3,896104),(2658,2015,3,896456),(2622,2015,3,898978),(3084,2015,4,702696),(3107,2015,4,702998),(3157,2015,4,705635),(3125,2015,4,711724),(3137,2015,4,713390),(3089,2015,4,718548),(3123,2015,4,718921),(3097,2015,4,721373),(3158,2015,4,722183),(3151,2015,4,735374),(3150,2015,4,739134),(3090,2015,4,739390),(3096,2015,4,739479),(3118,2015,4,739591),(3091,2015,4,742159),(3092,2015,4,742760),(3138,2015,4,745091),(3159,2015,4,750525),(3100,2015,4,752097),(3155,2015,4,753626),(3113,2015,4,754312),(3086,2015,4,757100),(3102,2015,4,758519),(3148,2015,4,761685),(3120,2015,4,763363),(3085,2015,4,764138),(3112,2015,4,766220),(3143,2015,4,767380),(3136,2015,4,768884),(3135,2015,4,769741),(3139,2015,4,771512),(3132,2015,4,775975),(3145,2015,4,777698),(3109,2015,4,779539),(3156,2015,4,781430),(3111,2015,4,782734),(3128,2015,4,789162),(3106,2015,4,799164),(3121,2015,4,802449),(3108,2015,4,803277),(3098,2015,4,809398),(3114,2015,4,815253),(3095,2015,4,815581),(3101,2015,4,817477),(3105,2015,4,818368),(3130,2015,4,819370),(3140,2015,4,820362),(3154,2015,4,826065),(3126,2015,4,827890),(3087,2015,4,831851),(3149,2015,4,834609),(3099,2015,4,839515),(3152,2015,4,843550),(3133,2015,4,847162),(3142,2015,4,847178),(3141,2015,4,847322),(3153,2015,4,848486),(3088,2015,4,851935),(3116,2015,4,852306),(3122,2015,4,856563),(3117,2015,4,858618),(3144,2015,4,861249),(3119,2015,4,866211),(3103,2015,4,872474),(3094,2015,4,872966),(3131,2015,4,873397),(3104,2015,4,876064),(3127,2015,4,876762),(3110,2015,4,877147),(3124,2015,4,877217),(3147,2015,4,878710),(3146,2015,4,887171),(3115,2015,4,891460),(3134,2015,4,896104),(3129,2015,4,896456),(3093,2015,4,898978),(765,2016,1,1100693),(589,2016,1,1101415),(593,2016,1,1102482),(763,2016,1,1104145),(677,2016,1,1104245),(754,2016,1,1105038),(715,2016,1,1106359),(664,2016,1,1109477),(610,2016,1,1109995),(667,2016,1,1111603),(566,2016,1,1111846),(749,2016,1,1112158),(675,2016,1,1112376),(713,2016,1,1112848),(627,2016,1,1113012),(614,2016,1,1114141),(646,2016,1,1114525),(583,2016,1,1116033),(691,2016,1,1116633),(611,2016,1,1116757),(683,2016,1,1117265),(689,2016,1,1117457),(701,2016,1,1117520),(547,2016,1,1118253),(757,2016,1,1118354),(739,2016,1,1118977),(723,2016,1,1119346),(737,2016,1,1120257),(709,2016,1,1120811),(636,2016,1,1122223),(775,2016,1,1122850),(695,2016,1,1122930),(705,2016,1,1123822),(637,2016,1,1124483),(736,2016,1,1125062),(599,2016,1,1125150),(668,2016,1,1125552),(585,2016,1,1125913),(569,2016,1,1126231),(567,2016,1,1127560),(592,2016,1,1127602),(656,2016,1,1130896),(643,2016,1,1131108),(561,2016,1,1131414),(735,2016,1,1132112),(671,2016,1,1132312),(750,2016,1,1132834),(625,2016,1,1133556),(655,2016,1,1133758),(772,2016,1,1134351),(650,2016,1,1134837),(594,2016,1,1136570),(669,2016,1,1137064),(621,2016,1,1138291),(753,2016,1,1138427),(554,2016,1,1138910),(619,2016,1,1139305),(632,2016,1,1142767),(663,2016,1,1143736),(776,2016,1,1143770),(707,2016,1,1144921),(697,2016,1,1145749),(712,2016,1,1146588),(742,2016,1,1147829),(686,2016,1,1149259),(777,2016,1,1149303),(769,2016,1,1149972),(548,2016,1,1150532),(679,2016,1,1154163),(711,2016,1,1154953),(761,2016,1,1155080),(762,2016,1,1156546),(649,2016,1,1156761),(744,2016,1,1157075),(577,2016,1,1159194),(607,2016,1,1160170),(540,2016,1,1161166),(688,2016,1,1161673),(538,2016,1,1162847),(596,2016,1,1164377),(740,2016,1,1164520),(605,2016,1,1164728),(648,2016,1,1165380),(628,2016,1,1165621),(706,2016,1,1165630),(741,2016,1,1166561),(552,2016,1,1167281),(704,2016,1,1168923),(733,2016,1,1169044),(615,2016,1,1169516),(684,2016,1,1170228),(562,2016,1,1171043),(588,2016,1,1171563),(778,2016,1,1172569),(556,2016,1,1173472),(766,2016,1,1176304),(710,2016,1,1176676),(573,2016,1,1177235),(743,2016,1,1177317),(550,2016,1,1177853),(572,2016,1,1178249),(638,2016,1,1181280),(699,2016,1,1181283),(682,2016,1,1181614),(590,2016,1,1182425),(586,2016,1,1183913),(564,2016,1,1184897),(717,2016,1,1185064),(708,2016,1,1186905),(617,2016,1,1186993),(767,2016,1,1187872),(674,2016,1,1190749),(541,2016,1,1191183),(631,2016,1,1191469),(660,2016,1,1193917),(571,2016,1,1194320),(633,2016,1,1194551),(662,2016,1,1195172),(755,2016,1,1196674),(756,2016,1,1197018),(771,2016,1,1199580),(639,2016,1,1199791),(597,2016,1,1200419),(727,2016,1,1201242),(545,2016,1,1202068),(579,2016,1,1202151),(734,2016,1,1205722),(651,2016,1,1207317),(539,2016,1,1209171),(726,2016,1,1210278),(654,2016,1,1210515),(661,2016,1,1211020),(760,2016,1,1211230),(544,2016,1,1211592),(641,2016,1,1211989),(700,2016,1,1212126),(694,2016,1,1212457),(575,2016,1,1213271),(693,2016,1,1214379),(576,2016,1,1214386),(738,2016,1,1214884),(672,2016,1,1217613),(634,2016,1,1217925),(658,2016,1,1219361),(591,2016,1,1219816),(698,2016,1,1221015),(612,2016,1,1221936),(690,2016,1,1222750),(584,2016,1,1223844),(696,2016,1,1224010),(606,2016,1,1224775),(560,2016,1,1225024),(600,2016,1,1225025),(582,2016,1,1225675),(630,2016,1,1228150),(603,2016,1,1228683),(608,2016,1,1229058),(652,2016,1,1229533),(729,2016,1,1230451),(543,2016,1,1232214),(620,2016,1,1232362),(722,2016,1,1232602),(601,2016,1,1232658),(670,2016,1,1232876),(609,2016,1,1234182),(714,2016,1,1235322),(555,2016,1,1235794),(728,2016,1,1237102),(703,2016,1,1238599),(653,2016,1,1238689),(563,2016,1,1239188),(721,2016,1,1239920),(647,2016,1,1240013),(629,2016,1,1240050),(546,2016,1,1240940),(719,2016,1,1242112),(731,2016,1,1243716),(724,2016,1,1246167),(623,2016,1,1247212),(666,2016,1,1247926),(551,2016,1,1248420),(587,2016,1,1248968),(692,2016,1,1250076),(747,2016,1,1252298),(676,2016,1,1253227),(687,2016,1,1253236),(568,2016,1,1254091),(559,2016,1,1254241),(595,2016,1,1254578),(598,2016,1,1254742),(553,2016,1,1256170),(570,2016,1,1256185),(768,2016,1,1257354),(613,2016,1,1257574),(557,2016,1,1257652),(657,2016,1,1258172),(745,2016,1,1258475),(558,2016,1,1258957),(725,2016,1,1259440),(748,2016,1,1259799),(580,2016,1,1261103),(618,2016,1,1261697),(758,2016,1,1261788),(616,2016,1,1261861),(578,2016,1,1262007),(581,2016,1,1262564),(678,2016,1,1263620),(730,2016,1,1265788),(774,2016,1,1266137),(574,2016,1,1269065),(680,2016,1,1271089),(732,2016,1,1271293),(752,2016,1,1271878),(645,2016,1,1273431),(602,2016,1,1276176),(640,2016,1,1276771),(770,2016,1,1277390),(773,2016,1,1277705),(681,2016,1,1279083),(642,2016,1,1279342),(635,2016,1,1279607),(624,2016,1,1281058),(718,2016,1,1281590),(702,2016,1,1282570),(746,2016,1,1283569),(764,2016,1,1284676),(665,2016,1,1286050),(673,2016,1,1286193),(644,2016,1,1287094),(542,2016,1,1288093),(549,2016,1,1288486),(626,2016,1,1288572),(720,2016,1,1289625),(659,2016,1,1289889),(565,2016,1,1291230),(751,2016,1,1292195),(759,2016,1,1292499),(622,2016,1,1293704),(685,2016,1,1294874),(716,2016,1,1297410),(604,2016,1,1299737),(1975,2016,2,1100693),(1799,2016,2,1101415),(1803,2016,2,1102482),(1973,2016,2,1104145),(1887,2016,2,1104245),(1964,2016,2,1105038),(1925,2016,2,1106359),(1874,2016,2,1109477),(1820,2016,2,1109995),(1877,2016,2,1111603),(1776,2016,2,1111846),(1959,2016,2,1112158),(1885,2016,2,1112376),(1923,2016,2,1112848),(1837,2016,2,1113012),(1824,2016,2,1114141),(1856,2016,2,1114525),(1793,2016,2,1116033),(1901,2016,2,1116633),(1821,2016,2,1116757),(1893,2016,2,1117265),(1899,2016,2,1117457),(1911,2016,2,1117520),(1757,2016,2,1118253),(1967,2016,2,1118354),(1949,2016,2,1118977),(1933,2016,2,1119346),(1947,2016,2,1120257),(1919,2016,2,1120811),(1846,2016,2,1122223),(1985,2016,2,1122850),(1905,2016,2,1122930),(1915,2016,2,1123822),(1847,2016,2,1124483),(1946,2016,2,1125062),(1809,2016,2,1125150),(1878,2016,2,1125552),(1795,2016,2,1125913),(1779,2016,2,1126231),(1777,2016,2,1127560),(1802,2016,2,1127602),(1866,2016,2,1130896),(1853,2016,2,1131108),(1771,2016,2,1131414),(1945,2016,2,1132112),(1881,2016,2,1132312),(1960,2016,2,1132834),(1835,2016,2,1133556),(1865,2016,2,1133758),(1982,2016,2,1134351),(1860,2016,2,1134837),(1804,2016,2,1136570),(1879,2016,2,1137064),(1831,2016,2,1138291),(1963,2016,2,1138427),(1764,2016,2,1138910),(1829,2016,2,1139305),(1842,2016,2,1142767),(1873,2016,2,1143736),(1986,2016,2,1143770),(1917,2016,2,1144921),(1907,2016,2,1145749),(1922,2016,2,1146588),(1952,2016,2,1147829),(1896,2016,2,1149259),(1987,2016,2,1149303),(1979,2016,2,1149972),(1758,2016,2,1150532),(1889,2016,2,1154163),(1921,2016,2,1154953),(1971,2016,2,1155080),(1972,2016,2,1156546),(1859,2016,2,1156761),(1954,2016,2,1157075),(1787,2016,2,1159194),(1817,2016,2,1160170),(1750,2016,2,1161166),(1898,2016,2,1161673),(1748,2016,2,1162847),(1806,2016,2,1164377),(1950,2016,2,1164520),(1815,2016,2,1164728),(1858,2016,2,1165380),(1838,2016,2,1165621),(1916,2016,2,1165630),(1951,2016,2,1166561),(1762,2016,2,1167281),(1914,2016,2,1168923),(1943,2016,2,1169044),(1825,2016,2,1169516),(1894,2016,2,1170228),(1772,2016,2,1171043),(1798,2016,2,1171563),(1988,2016,2,1172569),(1766,2016,2,1173472),(1976,2016,2,1176304),(1920,2016,2,1176676),(1783,2016,2,1177235),(1953,2016,2,1177317),(1760,2016,2,1177853),(1782,2016,2,1178249),(1848,2016,2,1181280),(1909,2016,2,1181283),(1892,2016,2,1181614),(1800,2016,2,1182425),(1796,2016,2,1183913),(1774,2016,2,1184897),(1927,2016,2,1185064),(1918,2016,2,1186905),(1827,2016,2,1186993),(1977,2016,2,1187872),(1884,2016,2,1190749),(1751,2016,2,1191183),(1841,2016,2,1191469),(1870,2016,2,1193917),(1781,2016,2,1194320),(1843,2016,2,1194551),(1872,2016,2,1195172),(1965,2016,2,1196674),(1966,2016,2,1197018),(1981,2016,2,1199580),(1849,2016,2,1199791),(1807,2016,2,1200419),(1937,2016,2,1201242),(1755,2016,2,1202068),(1789,2016,2,1202151),(1944,2016,2,1205722),(1861,2016,2,1207317),(1749,2016,2,1209171),(1936,2016,2,1210278),(1864,2016,2,1210515),(1871,2016,2,1211020),(1970,2016,2,1211230),(1754,2016,2,1211592),(1851,2016,2,1211989),(1910,2016,2,1212126),(1904,2016,2,1212457),(1785,2016,2,1213271),(1903,2016,2,1214379),(1786,2016,2,1214386),(1948,2016,2,1214884),(1882,2016,2,1217613),(1844,2016,2,1217925),(1868,2016,2,1219361),(1801,2016,2,1219816),(1908,2016,2,1221015),(1822,2016,2,1221936),(1900,2016,2,1222750),(1794,2016,2,1223844),(1906,2016,2,1224010),(1816,2016,2,1224775),(1770,2016,2,1225024),(1810,2016,2,1225025),(1792,2016,2,1225675),(1840,2016,2,1228150),(1813,2016,2,1228683),(1818,2016,2,1229058),(1862,2016,2,1229533),(1939,2016,2,1230451),(1753,2016,2,1232214),(1830,2016,2,1232362),(1932,2016,2,1232602),(1811,2016,2,1232658),(1880,2016,2,1232876),(1819,2016,2,1234182),(1924,2016,2,1235322),(1765,2016,2,1235794),(1938,2016,2,1237102),(1913,2016,2,1238599),(1863,2016,2,1238689),(1773,2016,2,1239188),(1931,2016,2,1239920),(1857,2016,2,1240013),(1839,2016,2,1240050),(1756,2016,2,1240940),(1929,2016,2,1242112),(1941,2016,2,1243716),(1934,2016,2,1246167),(1833,2016,2,1247212),(1876,2016,2,1247926),(1761,2016,2,1248420),(1797,2016,2,1248968),(1902,2016,2,1250076),(1957,2016,2,1252298),(1886,2016,2,1253227),(1897,2016,2,1253236),(1778,2016,2,1254091),(1769,2016,2,1254241),(1805,2016,2,1254578),(1808,2016,2,1254742),(1763,2016,2,1256170),(1780,2016,2,1256185),(1978,2016,2,1257354),(1823,2016,2,1257574),(1767,2016,2,1257652),(1867,2016,2,1258172),(1955,2016,2,1258475),(1768,2016,2,1258957),(1935,2016,2,1259440),(1958,2016,2,1259799),(1790,2016,2,1261103),(1828,2016,2,1261697),(1968,2016,2,1261788),(1826,2016,2,1261861),(1788,2016,2,1262007),(1791,2016,2,1262564),(1888,2016,2,1263620),(1940,2016,2,1265788),(1984,2016,2,1266137),(1784,2016,2,1269065),(1890,2016,2,1271089),(1942,2016,2,1271293),(1962,2016,2,1271878),(1855,2016,2,1273431),(1812,2016,2,1276176),(1850,2016,2,1276771),(1980,2016,2,1277390),(1983,2016,2,1277705),(1891,2016,2,1279083),(1852,2016,2,1279342),(1845,2016,2,1279607),(1834,2016,2,1281058),(1928,2016,2,1281590),(1912,2016,2,1282570),(1956,2016,2,1283569),(1974,2016,2,1284676),(1875,2016,2,1286050),(1883,2016,2,1286193),(1854,2016,2,1287094),(1752,2016,2,1288093),(1759,2016,2,1288486),(1836,2016,2,1288572),(1930,2016,2,1289625),(1869,2016,2,1289889),(1775,2016,2,1291230),(1961,2016,2,1292195),(1969,2016,2,1292499),(1832,2016,2,1293704),(1895,2016,2,1294874),(1926,2016,2,1297410),(1814,2016,2,1299737),(2710,2016,3,900987),(2719,2016,3,906672),(2727,2016,3,912551),(2766,2016,3,913368),(2783,2016,3,915621),(2747,2016,3,916241),(2692,2016,3,917780),(2775,2016,3,918774),(2780,2016,3,919178),(2779,2016,3,924834),(2697,2016,3,927110),(2702,2016,3,928020),(2738,2016,3,929044),(2701,2016,3,929923),(2696,2016,3,931020),(2769,2016,3,933508),(2750,2016,3,934486),(2744,2016,3,934841),(2737,2016,3,943674),(2735,2016,3,944555),(2760,2016,3,945303),(2708,2016,3,954186),(2781,2016,3,955568),(2777,2016,3,955597),(2728,2016,3,955900),(2703,2016,3,957785),(2785,2016,3,958388),(2774,2016,3,964144),(2752,2016,3,964716),(2736,2016,3,967020),(2770,2016,3,968069),(2786,2016,3,968103),(2724,2016,3,969397),(2771,2016,3,971410),(2723,2016,3,971539),(2757,2016,3,973931),(2759,2016,3,975690),(2725,2016,3,980041),(2764,2016,3,984980),(2694,2016,3,990287),(2741,2016,3,991225),(2745,2016,3,993828),(2704,2016,3,997234),(2740,2016,3,998507),(2755,2016,3,998540),(2778,2016,3,1003155),(2714,2016,3,1005971),(2730,2016,3,1012029),(2726,2016,3,1012586),(2773,2016,3,1012994),(2763,2016,3,1016275),(2695,2016,3,1017571),(2776,2016,3,1018236),(2768,2016,3,1023193),(2761,2016,3,1023266),(2749,2016,3,1025196),(2746,2016,3,1025483),(2733,2016,3,1025925),(2765,2016,3,1036988),(2699,2016,3,1040918),(2722,2016,3,1041146),(2712,2016,3,1041589),(2743,2016,3,1045007),(2772,2016,3,1045516),(2734,2016,3,1045665),(2742,2016,3,1046999),(2718,2016,3,1047585),(2709,2016,3,1048823),(2748,2016,3,1051266),(2716,2016,3,1052742),(2721,2016,3,1054107),(2784,2016,3,1054464),(2700,2016,3,1055924),(2715,2016,3,1056032),(2705,2016,3,1056292),(2729,2016,3,1060101),(2693,2016,3,1060475),(2767,2016,3,1061278),(2762,2016,3,1064870),(2706,2016,3,1071736),(2717,2016,3,1075617),(2720,2016,3,1078553),(2698,2016,3,1079923),(2754,2016,3,1080673),(2782,2016,3,1081902),(2707,2016,3,1082827),(2713,2016,3,1083413),(2758,2016,3,1083510),(2739,2016,3,1083707),(2711,2016,3,1085354),(2731,2016,3,1091472),(2732,2016,3,1095624),(2751,2016,3,1096060),(2756,2016,3,1097532),(2753,2016,3,1099969),(3178,2016,4,900987),(3187,2016,4,906672),(3195,2016,4,912551),(3234,2016,4,913368),(3251,2016,4,915621),(3215,2016,4,916241),(3160,2016,4,917780),(3243,2016,4,918774),(3248,2016,4,919178),(3256,2016,4,920511),(3247,2016,4,924834),(3165,2016,4,927110),(3170,2016,4,928020),(3206,2016,4,929044),(3169,2016,4,929923),(3164,2016,4,931020),(3237,2016,4,933508),(3218,2016,4,934486),(3212,2016,4,934841),(3205,2016,4,943674),(3203,2016,4,944555),(3228,2016,4,945303),(3176,2016,4,954186),(3249,2016,4,955568),(3245,2016,4,955597),(3196,2016,4,955900),(3171,2016,4,957785),(3253,2016,4,958388),(3242,2016,4,964144),(3220,2016,4,964716),(3204,2016,4,967020),(3238,2016,4,968069),(3254,2016,4,968103),(3192,2016,4,969397),(3239,2016,4,971410),(3191,2016,4,971539),(3225,2016,4,973931),(3227,2016,4,975690),(3193,2016,4,980041),(3257,2016,4,981145),(3232,2016,4,984980),(3162,2016,4,990287),(3209,2016,4,991225),(3213,2016,4,993828),(3172,2016,4,997234),(3208,2016,4,998507),(3223,2016,4,998540),(3246,2016,4,1003155),(3182,2016,4,1005971),(3198,2016,4,1012029),(3194,2016,4,1012586),(3241,2016,4,1012994),(3231,2016,4,1016275),(3163,2016,4,1017571),(3244,2016,4,1018236),(3255,2016,4,1022261),(3236,2016,4,1023193),(3229,2016,4,1023266),(3217,2016,4,1025196),(3214,2016,4,1025483),(3201,2016,4,1025925),(3233,2016,4,1036988),(3167,2016,4,1040918),(3190,2016,4,1041146),(3180,2016,4,1041589),(3211,2016,4,1045007),(3240,2016,4,1045516),(3202,2016,4,1045665),(3210,2016,4,1046999),(3186,2016,4,1047585),(3177,2016,4,1048823),(3216,2016,4,1051266),(3184,2016,4,1052742),(3189,2016,4,1054107),(3252,2016,4,1054464),(3168,2016,4,1055924),(3183,2016,4,1056032),(3173,2016,4,1056292),(3197,2016,4,1060101),(3161,2016,4,1060475),(3235,2016,4,1061278),(3230,2016,4,1064870),(3174,2016,4,1071736),(3185,2016,4,1075617),(3188,2016,4,1078553),(3166,2016,4,1079923),(3222,2016,4,1080673),(3250,2016,4,1081902),(3175,2016,4,1082827),(3181,2016,4,1083413),(3226,2016,4,1083510),(3207,2016,4,1083707),(3179,2016,4,1085354),(3199,2016,4,1091472),(3200,2016,4,1095624),(3219,2016,4,1096060),(3224,2016,4,1097532),(3221,2016,4,1099969),(864,2017,1,1300358),(961,2017,1,1300389),(838,2017,1,1302790),(873,2017,1,1303329),(932,2017,1,1304982),(846,2017,1,1309238),(964,2017,1,1309294),(850,2017,1,1309801),(922,2017,1,1309833),(856,2017,1,1313559),(965,2017,1,1313962),(981,2017,1,1314481),(817,2017,1,1314574),(797,2017,1,1314877),(784,2017,1,1316400),(809,2017,1,1316589),(819,2017,1,1316753),(977,2017,1,1316805),(937,2017,1,1317725),(821,2017,1,1318471),(971,2017,1,1319538),(1002,2017,1,1319781),(992,2017,1,1320332),(987,2017,1,1320344),(868,2017,1,1320460),(916,2017,1,1321779),(860,2017,1,1322292),(790,2017,1,1323080),(845,2017,1,1323100),(946,2017,1,1327361),(854,2017,1,1330232),(839,2017,1,1330514),(783,2017,1,1331047),(896,2017,1,1331184),(876,2017,1,1332240),(871,2017,1,1332333),(870,2017,1,1332591),(923,2017,1,1332670),(787,2017,1,1333375),(996,2017,1,1334496),(976,2017,1,1335618),(1007,2017,1,1335835),(782,2017,1,1336649),(925,2017,1,1336723),(793,2017,1,1337420),(967,2017,1,1338423),(1008,2017,1,1339663),(791,2017,1,1340680),(812,2017,1,1341101),(999,2017,1,1343233),(802,2017,1,1344103),(945,2017,1,1344145),(903,2017,1,1344783),(968,2017,1,1346778),(814,2017,1,1347121),(844,2017,1,1347858),(948,2017,1,1347859),(893,2017,1,1348428),(801,2017,1,1350890),(781,2017,1,1351827),(901,2017,1,1351863),(884,2017,1,1352641),(935,2017,1,1352712),(950,2017,1,1353682),(852,2017,1,1354219),(942,2017,1,1354503),(1005,2017,1,1355637),(800,2017,1,1356891),(907,2017,1,1357026),(823,2017,1,1358050),(786,2017,1,1359004),(894,2017,1,1359194),(891,2017,1,1359229),(874,2017,1,1359908),(875,2017,1,1359946),(795,2017,1,1360434),(963,2017,1,1361162),(780,2017,1,1361407),(858,2017,1,1361871),(831,2017,1,1362417),(818,2017,1,1362471),(943,2017,1,1362912),(918,2017,1,1362931),(998,2017,1,1363480),(799,2017,1,1364299),(900,2017,1,1364390),(978,2017,1,1364790),(941,2017,1,1365822),(820,2017,1,1366278),(988,2017,1,1367915),(861,2017,1,1368132),(989,2017,1,1369248),(813,2017,1,1369313),(928,2017,1,1369551),(902,2017,1,1369628),(785,2017,1,1370900),(808,2017,1,1371007),(895,2017,1,1371984),(926,2017,1,1374257),(984,2017,1,1374630),(805,2017,1,1375429),(969,2017,1,1376553),(908,2017,1,1379330),(927,2017,1,1381513),(851,2017,1,1382600),(859,2017,1,1383274),(883,2017,1,1383831),(974,2017,1,1383975),(842,2017,1,1384067),(841,2017,1,1385208),(836,2017,1,1385520),(994,2017,1,1388304),(939,2017,1,1388389),(944,2017,1,1391752),(1000,2017,1,1393745),(803,2017,1,1395607),(788,2017,1,1396451),(869,2017,1,1396683),(792,2017,1,1398011),(892,2017,1,1398376),(1004,2017,1,1399627),(973,2017,1,1400806),(848,2017,1,1403213),(1009,2017,1,1403248),(879,2017,1,1404028),(949,2017,1,1404871),(909,2017,1,1406318),(947,2017,1,1407582),(832,2017,1,1407688),(827,2017,1,1407734),(938,2017,1,1408516),(959,2017,1,1409652),(954,2017,1,1409766),(966,2017,1,1410405),(830,2017,1,1410962),(952,2017,1,1411869),(906,2017,1,1413004),(993,2017,1,1413243),(933,2017,1,1413505),(897,2017,1,1414315),(806,2017,1,1416532),(915,2017,1,1417634),(863,2017,1,1418800),(887,2017,1,1419253),(958,2017,1,1420408),(834,2017,1,1422599),(930,2017,1,1422908),(914,2017,1,1425097),(807,2017,1,1425662),(929,2017,1,1425897),(1006,2017,1,1426860),(888,2017,1,1427182),(983,2017,1,1430510),(840,2017,1,1431874),(962,2017,1,1432249),(956,2017,1,1432262),(880,2017,1,1432316),(920,2017,1,1433269),(1010,2017,1,1434706),(997,2017,1,1435562),(833,2017,1,1435852),(899,2017,1,1439233),(825,2017,1,1439787),(843,2017,1,1440606),(912,2017,1,1441058),(985,2017,1,1441687),(1001,2017,1,1442946),(1003,2017,1,1443621),(960,2017,1,1446761),(890,2017,1,1447340),(816,2017,1,1448689),(980,2017,1,1451162),(913,2017,1,1451376),(810,2017,1,1451763),(991,2017,1,1452153),(995,2017,1,1452449),(789,2017,1,1452912),(779,2017,1,1454411),(857,2017,1,1454680),(867,2017,1,1454945),(837,2017,1,1455630),(979,2017,1,1455983),(828,2017,1,1456049),(855,2017,1,1458577),(847,2017,1,1458787),(898,2017,1,1459041),(924,2017,1,1459074),(886,2017,1,1459403),(811,2017,1,1460098),(953,2017,1,1460263),(917,2017,1,1460336),(931,2017,1,1461455),(815,2017,1,1462432),(872,2017,1,1462512),(910,2017,1,1463491),(982,2017,1,1463630),(804,2017,1,1464585),(794,2017,1,1464819),(934,2017,1,1464882),(911,2017,1,1464971),(921,2017,1,1466476),(865,2017,1,1466901),(885,2017,1,1467321),(862,2017,1,1467931),(919,2017,1,1468466),(955,2017,1,1469143),(822,2017,1,1469410),(881,2017,1,1471704),(835,2017,1,1472760),(878,2017,1,1476362),(957,2017,1,1477155),(936,2017,1,1477681),(975,2017,1,1479146),(970,2017,1,1480964),(951,2017,1,1481808),(798,2017,1,1482216),(940,2017,1,1483739),(905,2017,1,1484028),(986,2017,1,1486195),(829,2017,1,1486905),(904,2017,1,1487676),(889,2017,1,1488156),(877,2017,1,1488888),(826,2017,1,1490897),(853,2017,1,1491108),(849,2017,1,1491251),(796,2017,1,1492029),(824,2017,1,1492577),(882,2017,1,1497639),(866,2017,1,1499260),(972,2017,1,1499527),(990,2017,1,1499589),(2403,2017,2,1300358),(2500,2017,2,1300389),(2377,2017,2,1302790),(2412,2017,2,1303329),(2471,2017,2,1304982),(2385,2017,2,1309238),(2503,2017,2,1309294),(2389,2017,2,1309801),(2461,2017,2,1309833),(2395,2017,2,1313559),(2504,2017,2,1313962),(2520,2017,2,1314481),(2356,2017,2,1314574),(2336,2017,2,1314877),(2323,2017,2,1316400),(2348,2017,2,1316589),(2358,2017,2,1316753),(2516,2017,2,1316805),(2476,2017,2,1317725),(2360,2017,2,1318471),(2510,2017,2,1319538),(2541,2017,2,1319781),(2531,2017,2,1320332),(2526,2017,2,1320344),(2407,2017,2,1320460),(2455,2017,2,1321779),(2399,2017,2,1322292),(2329,2017,2,1323080),(2384,2017,2,1323100),(2485,2017,2,1327361),(2393,2017,2,1330232),(2378,2017,2,1330514),(2322,2017,2,1331047),(2435,2017,2,1331184),(2415,2017,2,1332240),(2410,2017,2,1332333),(2409,2017,2,1332591),(2462,2017,2,1332670),(2326,2017,2,1333375),(2535,2017,2,1334496),(2515,2017,2,1335618),(2546,2017,2,1335835),(2321,2017,2,1336649),(2464,2017,2,1336723),(2332,2017,2,1337420),(2506,2017,2,1338423),(2547,2017,2,1339663),(2330,2017,2,1340680),(2351,2017,2,1341101),(2538,2017,2,1343233),(2341,2017,2,1344103),(2484,2017,2,1344145),(2442,2017,2,1344783),(2507,2017,2,1346778),(2353,2017,2,1347121),(2383,2017,2,1347858),(2487,2017,2,1347859),(2432,2017,2,1348428),(2340,2017,2,1350890),(2320,2017,2,1351827),(2440,2017,2,1351863),(2423,2017,2,1352641),(2474,2017,2,1352712),(2489,2017,2,1353682),(2391,2017,2,1354219),(2481,2017,2,1354503),(2544,2017,2,1355637),(2339,2017,2,1356891),(2446,2017,2,1357026),(2362,2017,2,1358050),(2325,2017,2,1359004),(2433,2017,2,1359194),(2430,2017,2,1359229),(2413,2017,2,1359908),(2414,2017,2,1359946),(2334,2017,2,1360434),(2502,2017,2,1361162),(2319,2017,2,1361407),(2397,2017,2,1361871),(2370,2017,2,1362417),(2357,2017,2,1362471),(2482,2017,2,1362912),(2457,2017,2,1362931),(2537,2017,2,1363480),(2338,2017,2,1364299),(2439,2017,2,1364390),(2517,2017,2,1364790),(2480,2017,2,1365822),(2359,2017,2,1366278),(2527,2017,2,1367915),(2400,2017,2,1368132),(2528,2017,2,1369248),(2352,2017,2,1369313),(2467,2017,2,1369551),(2441,2017,2,1369628),(2324,2017,2,1370900),(2347,2017,2,1371007),(2434,2017,2,1371984),(2465,2017,2,1374257),(2523,2017,2,1374630),(2344,2017,2,1375429),(2508,2017,2,1376553),(2447,2017,2,1379330),(2466,2017,2,1381513),(2390,2017,2,1382600),(2398,2017,2,1383274),(2422,2017,2,1383831),(2513,2017,2,1383975),(2381,2017,2,1384067),(2380,2017,2,1385208),(2375,2017,2,1385520),(2533,2017,2,1388304),(2478,2017,2,1388389),(2483,2017,2,1391752),(2539,2017,2,1393745),(2342,2017,2,1395607),(2327,2017,2,1396451),(2408,2017,2,1396683),(2331,2017,2,1398011),(2431,2017,2,1398376),(2543,2017,2,1399627),(2512,2017,2,1400806),(2387,2017,2,1403213),(2548,2017,2,1403248),(2418,2017,2,1404028),(2488,2017,2,1404871),(2448,2017,2,1406318),(2486,2017,2,1407582),(2371,2017,2,1407688),(2366,2017,2,1407734),(2477,2017,2,1408516),(2498,2017,2,1409652),(2493,2017,2,1409766),(2505,2017,2,1410405),(2369,2017,2,1410962),(2491,2017,2,1411869),(2445,2017,2,1413004),(2532,2017,2,1413243),(2472,2017,2,1413505),(2436,2017,2,1414315),(2345,2017,2,1416532),(2454,2017,2,1417634),(2402,2017,2,1418800),(2426,2017,2,1419253),(2497,2017,2,1420408),(2373,2017,2,1422599),(2469,2017,2,1422908),(2453,2017,2,1425097),(2346,2017,2,1425662),(2468,2017,2,1425897),(2545,2017,2,1426860),(2427,2017,2,1427182),(2522,2017,2,1430510),(2379,2017,2,1431874),(2501,2017,2,1432249),(2495,2017,2,1432262),(2419,2017,2,1432316),(2459,2017,2,1433269),(2549,2017,2,1434706),(2536,2017,2,1435562),(2372,2017,2,1435852),(2438,2017,2,1439233),(2364,2017,2,1439787),(2382,2017,2,1440606),(2451,2017,2,1441058),(2524,2017,2,1441687),(2540,2017,2,1442946),(2542,2017,2,1443621),(2499,2017,2,1446761),(2429,2017,2,1447340),(2355,2017,2,1448689),(2519,2017,2,1451162),(2452,2017,2,1451376),(2349,2017,2,1451763),(2530,2017,2,1452153),(2534,2017,2,1452449),(2328,2017,2,1452912),(1989,2017,2,1454411),(2396,2017,2,1454680),(2406,2017,2,1454945),(2376,2017,2,1455630),(2518,2017,2,1455983),(2367,2017,2,1456049),(2394,2017,2,1458577),(2386,2017,2,1458787),(2437,2017,2,1459041),(2463,2017,2,1459074),(2425,2017,2,1459403),(2350,2017,2,1460098),(2492,2017,2,1460263),(2456,2017,2,1460336),(2470,2017,2,1461455),(2354,2017,2,1462432),(2411,2017,2,1462512),(2449,2017,2,1463491),(2521,2017,2,1463630),(2343,2017,2,1464585),(2333,2017,2,1464819),(2473,2017,2,1464882),(2450,2017,2,1464971),(2460,2017,2,1466476),(2404,2017,2,1466901),(2424,2017,2,1467321),(2401,2017,2,1467931),(2458,2017,2,1468466),(2494,2017,2,1469143),(2361,2017,2,1469410),(2420,2017,2,1471704),(2374,2017,2,1472760),(2417,2017,2,1476362),(2496,2017,2,1477155),(2475,2017,2,1477681),(2514,2017,2,1479146),(2509,2017,2,1480964),(2490,2017,2,1481808),(2337,2017,2,1482216),(2479,2017,2,1483739),(2444,2017,2,1484028),(2525,2017,2,1486195),(2368,2017,2,1486905),(2443,2017,2,1487676),(2428,2017,2,1488156),(2416,2017,2,1488888),(2365,2017,2,1490897),(2392,2017,2,1491108),(2388,2017,2,1491251),(2335,2017,2,1492029),(2363,2017,2,1492577),(2421,2017,2,1497639),(2405,2017,2,1499260),(2511,2017,2,1499527),(2529,2017,2,1499589),(2933,2017,3,1101415),(2937,2017,3,1102482),(3008,2017,3,1109477),(2954,2017,3,1109995),(3011,2017,3,1111603),(2910,2017,3,1111846),(2971,2017,3,1113012),(2958,2017,3,1114141),(2990,2017,3,1114525),(2927,2017,3,1116033),(2955,2017,3,1116757),(2891,2017,3,1118253),(2980,2017,3,1122223),(2981,2017,3,1124483),(2943,2017,3,1125150),(3012,2017,3,1125552),(2929,2017,3,1125913),(2913,2017,3,1126231),(2911,2017,3,1127560),(2936,2017,3,1127602),(3000,2017,3,1130896),(2987,2017,3,1131108),(2905,2017,3,1131414),(3015,2017,3,1132312),(2969,2017,3,1133556),(2999,2017,3,1133758),(2994,2017,3,1134837),(2938,2017,3,1136570),(3013,2017,3,1137064),(2965,2017,3,1138291),(2898,2017,3,1138910),(2963,2017,3,1139305),(2976,2017,3,1142767),(3007,2017,3,1143736),(2892,2017,3,1150532),(2993,2017,3,1156761),(2921,2017,3,1159194),(2951,2017,3,1160170),(2884,2017,3,1161166),(2882,2017,3,1162847),(2940,2017,3,1164377),(2949,2017,3,1164728),(2992,2017,3,1165380),(2972,2017,3,1165621),(2896,2017,3,1167281),(2959,2017,3,1169516),(2906,2017,3,1171043),(2932,2017,3,1171563),(2900,2017,3,1173472),(2917,2017,3,1177235),(2894,2017,3,1177853),(2916,2017,3,1178249),(2982,2017,3,1181280),(2934,2017,3,1182425),(2930,2017,3,1183913),(2908,2017,3,1184897),(2961,2017,3,1186993),(2885,2017,3,1191183),(2975,2017,3,1191469),(3004,2017,3,1193917),(2915,2017,3,1194320),(2977,2017,3,1194551),(3006,2017,3,1195172),(2983,2017,3,1199791),(2941,2017,3,1200419),(2889,2017,3,1202068),(2923,2017,3,1202151),(2995,2017,3,1207317),(2883,2017,3,1209171),(2998,2017,3,1210515),(3005,2017,3,1211020),(2888,2017,3,1211592),(2985,2017,3,1211989),(2919,2017,3,1213271),(2920,2017,3,1214386),(3016,2017,3,1217613),(2978,2017,3,1217925),(3002,2017,3,1219361),(2935,2017,3,1219816),(2956,2017,3,1221936),(2928,2017,3,1223844),(2950,2017,3,1224775),(2904,2017,3,1225024),(2944,2017,3,1225025),(2926,2017,3,1225675),(2974,2017,3,1228150),(2947,2017,3,1228683),(2952,2017,3,1229058),(2996,2017,3,1229533),(2887,2017,3,1232214),(2964,2017,3,1232362),(2945,2017,3,1232658),(3014,2017,3,1232876),(2953,2017,3,1234182),(2899,2017,3,1235794),(2997,2017,3,1238689),(2907,2017,3,1239188),(2991,2017,3,1240013),(2973,2017,3,1240050),(2890,2017,3,1240940),(2967,2017,3,1247212),(3010,2017,3,1247926),(2895,2017,3,1248420),(2931,2017,3,1248968),(2912,2017,3,1254091),(2903,2017,3,1254241),(2939,2017,3,1254578),(2942,2017,3,1254742),(2897,2017,3,1256170),(2914,2017,3,1256185),(2957,2017,3,1257574),(2901,2017,3,1257652),(3001,2017,3,1258172),(2902,2017,3,1258957),(2924,2017,3,1261103),(2962,2017,3,1261697),(2960,2017,3,1261861),(2922,2017,3,1262007),(2925,2017,3,1262564),(2918,2017,3,1269065),(2989,2017,3,1273431),(2946,2017,3,1276176),(2984,2017,3,1276771),(2986,2017,3,1279342),(2979,2017,3,1279607),(2968,2017,3,1281058),(3009,2017,3,1286050),(2988,2017,3,1287094),(2886,2017,3,1288093),(2893,2017,3,1288486),(2970,2017,3,1288572),(3003,2017,3,1289889),(2909,2017,3,1291230),(2966,2017,3,1293704),(2948,2017,3,1299737),(3309,2017,4,1101415),(3313,2017,4,1102482),(3384,2017,4,1109477),(3330,2017,4,1109995),(3387,2017,4,1111603),(3286,2017,4,1111846),(3347,2017,4,1113012),(3334,2017,4,1114141),(3366,2017,4,1114525),(3303,2017,4,1116033),(3331,2017,4,1116757),(3267,2017,4,1118253),(3356,2017,4,1122223),(3357,2017,4,1124483),(3319,2017,4,1125150),(3388,2017,4,1125552),(3305,2017,4,1125913),(3289,2017,4,1126231),(3287,2017,4,1127560),(3312,2017,4,1127602),(3376,2017,4,1130896),(3363,2017,4,1131108),(3281,2017,4,1131414),(3391,2017,4,1132312),(3345,2017,4,1133556),(3375,2017,4,1133758),(3370,2017,4,1134837),(3314,2017,4,1136570),(3389,2017,4,1137064),(3341,2017,4,1138291),(3274,2017,4,1138910),(3339,2017,4,1139305),(3352,2017,4,1142767),(3383,2017,4,1143736),(3268,2017,4,1150532),(3369,2017,4,1156761),(3297,2017,4,1159194),(3327,2017,4,1160170),(3260,2017,4,1161166),(3258,2017,4,1162847),(3316,2017,4,1164377),(3325,2017,4,1164728),(3368,2017,4,1165380),(3348,2017,4,1165621),(3272,2017,4,1167281),(3335,2017,4,1169516),(3282,2017,4,1171043),(3308,2017,4,1171563),(3276,2017,4,1173472),(3293,2017,4,1177235),(3270,2017,4,1177853),(3292,2017,4,1178249),(3358,2017,4,1181280),(3310,2017,4,1182425),(3306,2017,4,1183913),(3284,2017,4,1184897),(3337,2017,4,1186993),(3261,2017,4,1191183),(3351,2017,4,1191469),(3380,2017,4,1193917),(3291,2017,4,1194320),(3353,2017,4,1194551),(3382,2017,4,1195172),(3359,2017,4,1199791),(3317,2017,4,1200419),(3265,2017,4,1202068),(3299,2017,4,1202151),(3371,2017,4,1207317),(3259,2017,4,1209171),(3374,2017,4,1210515),(3381,2017,4,1211020),(3264,2017,4,1211592),(3361,2017,4,1211989),(3295,2017,4,1213271),(3296,2017,4,1214386),(3392,2017,4,1217613),(3354,2017,4,1217925),(3378,2017,4,1219361),(3311,2017,4,1219816),(3332,2017,4,1221936),(3304,2017,4,1223844),(3326,2017,4,1224775),(3280,2017,4,1225024),(3320,2017,4,1225025),(3302,2017,4,1225675),(3350,2017,4,1228150),(3323,2017,4,1228683),(3328,2017,4,1229058),(3372,2017,4,1229533),(3263,2017,4,1232214),(3340,2017,4,1232362),(3321,2017,4,1232658),(3390,2017,4,1232876),(3329,2017,4,1234182),(3275,2017,4,1235794),(3373,2017,4,1238689),(3283,2017,4,1239188),(3367,2017,4,1240013),(3349,2017,4,1240050),(3266,2017,4,1240940),(3343,2017,4,1247212),(3386,2017,4,1247926),(3271,2017,4,1248420),(3307,2017,4,1248968),(3288,2017,4,1254091),(3279,2017,4,1254241),(3315,2017,4,1254578),(3318,2017,4,1254742),(3273,2017,4,1256170),(3290,2017,4,1256185),(3333,2017,4,1257574),(3277,2017,4,1257652),(3377,2017,4,1258172),(3278,2017,4,1258957),(3300,2017,4,1261103),(3338,2017,4,1261697),(3336,2017,4,1261861),(3298,2017,4,1262007),(3301,2017,4,1262564),(3294,2017,4,1269065),(3365,2017,4,1273431),(3322,2017,4,1276176),(3360,2017,4,1276771),(3362,2017,4,1279342),(3355,2017,4,1279607),(3344,2017,4,1281058),(3385,2017,4,1286050),(3393,2017,4,1286193),(3364,2017,4,1287094),(3262,2017,4,1288093),(3269,2017,4,1288486),(3346,2017,4,1288572),(3379,2017,4,1289889),(3285,2017,4,1291230),(3342,2017,4,1293704),(3324,2017,4,1299737),(1066,2018,1,1500155),(1282,2018,1,1500524),(1300,2018,1,1501299),(1129,2018,1,1502628),(1216,2018,1,1503598),(1137,2018,1,1503829),(1034,2018,1,1503880),(1065,2018,1,1505491),(1021,2018,1,1505874),(1292,2018,1,1506241),(1278,2018,1,1506360),(1125,2018,1,1506954),(1108,2018,1,1508045),(1229,2018,1,1508193),(1166,2018,1,1509106),(1286,2018,1,1510301),(1261,2018,1,1510339),(1291,2018,1,1510507),(1128,2018,1,1510612),(1076,2018,1,1511023),(1279,2018,1,1511209),(1337,2018,1,1511476),(1141,2018,1,1512362),(1227,2018,1,1512912),(1326,2018,1,1513397),(1268,2018,1,1513454),(1298,2018,1,1513465),(1138,2018,1,1514380),(1219,2018,1,1514837),(1087,2018,1,1515636),(1329,2018,1,1516550),(1233,2018,1,1517090),(1237,2018,1,1517456),(1130,2018,1,1517913),(1217,2018,1,1518299),(1106,2018,1,1518398),(1184,2018,1,1518975),(1079,2018,1,1519223),(1117,2018,1,1519691),(1335,2018,1,1520635),(1126,2018,1,1520674),(1274,2018,1,1520788),(1270,2018,1,1520941),(1317,2018,1,1521804),(1235,2018,1,1522174),(1305,2018,1,1522930),(1192,2018,1,1524390),(1244,2018,1,1525049),(1175,2018,1,1526250),(1230,2018,1,1526916),(1097,2018,1,1527935),(1307,2018,1,1528137),(1289,2018,1,1528445),(1014,2018,1,1528979),(1135,2018,1,1529787),(1113,2018,1,1530664),(1017,2018,1,1530974),(1116,2018,1,1531401),(1186,2018,1,1532646),(1060,2018,1,1533327),(1225,2018,1,1534241),(1168,2018,1,1534640),(1308,2018,1,1535077),(1012,2018,1,1535526),(1294,2018,1,1536423),(1272,2018,1,1536922),(1240,2018,1,1537557),(1187,2018,1,1537790),(1040,2018,1,1538452),(1334,2018,1,1538554),(1084,2018,1,1541103),(1102,2018,1,1541631),(1019,2018,1,1542442),(1325,2018,1,1542493),(1163,2018,1,1543644),(1031,2018,1,1544087),(1188,2018,1,1545124),(1053,2018,1,1546223),(1206,2018,1,1546302),(1254,2018,1,1546551),(1105,2018,1,1547061),(1199,2018,1,1547168),(1072,2018,1,1547176),(1314,2018,1,1547459),(1215,2018,1,1548183),(1267,2018,1,1548674),(1035,2018,1,1548762),(1143,2018,1,1548814),(1243,2018,1,1549936),(1159,2018,1,1550455),(1255,2018,1,1551165),(1264,2018,1,1553403),(1151,2018,1,1553646),(1091,2018,1,1554838),(1119,2018,1,1556861),(1063,2018,1,1558242),(1115,2018,1,1558541),(1205,2018,1,1559169),(1095,2018,1,1559220),(1152,2018,1,1559240),(1336,2018,1,1559675),(1320,2018,1,1559726),(1288,2018,1,1560138),(1161,2018,1,1560976),(1082,2018,1,1561298),(1015,2018,1,1562861),(1052,2018,1,1563924),(1251,2018,1,1566156),(1297,2018,1,1568096),(1054,2018,1,1568385),(1147,2018,1,1568400),(1276,2018,1,1568812),(1332,2018,1,1569937),(1133,2018,1,1570734),(1024,2018,1,1573518),(1093,2018,1,1573964),(1223,2018,1,1574311),(1170,2018,1,1575078),(1107,2018,1,1575250),(1259,2018,1,1575388),(1070,2018,1,1575471),(1180,2018,1,1575506),(1197,2018,1,1575507),(1193,2018,1,1576916),(1303,2018,1,1577212),(1190,2018,1,1577343),(1309,2018,1,1577737),(1139,2018,1,1578387),(1247,2018,1,1578800),(1246,2018,1,1578905),(1250,2018,1,1578919),(1164,2018,1,1579175),(1033,2018,1,1579176),(1085,2018,1,1579266),(1179,2018,1,1579289),(1183,2018,1,1579573),(1210,2018,1,1580189),(1280,2018,1,1581274),(1154,2018,1,1581633),(1057,2018,1,1581701),(1080,2018,1,1581717),(1201,2018,1,1581732),(1203,2018,1,1582083),(1064,2018,1,1582841),(1098,2018,1,1583341),(1275,2018,1,1583349),(1067,2018,1,1583389),(1089,2018,1,1584036),(1032,2018,1,1584819),(1181,2018,1,1585985),(1078,2018,1,1586144),(1136,2018,1,1588383),(1127,2018,1,1589882),(1092,2018,1,1590037),(1047,2018,1,1590728),(1020,2018,1,1592027),(1099,2018,1,1592203),(1011,2018,1,1592453),(1030,2018,1,1592701),(1077,2018,1,1593356),(1058,2018,1,1593447),(1211,2018,1,1595427),(1306,2018,1,1596911),(1204,2018,1,1596933),(1104,2018,1,1598031),(1262,2018,1,1598443),(1221,2018,1,1598859),(1318,2018,1,1600057),(1257,2018,1,1600061),(1121,2018,1,1600119),(1071,2018,1,1600548),(1328,2018,1,1600669),(1236,2018,1,1601567),(1195,2018,1,1602162),(1153,2018,1,1602566),(1299,2018,1,1604055),(1185,2018,1,1604132),(1269,2018,1,1606540),(1296,2018,1,1606767),(1124,2018,1,1607607),(1209,2018,1,1607848),(1283,2018,1,1608032),(1222,2018,1,1608892),(1171,2018,1,1609149),(1029,2018,1,1609315),(1096,2018,1,1610260),(1174,2018,1,1610642),(1103,2018,1,1610697),(1041,2018,1,1612225),(1265,2018,1,1612608),(1256,2018,1,1612726),(1148,2018,1,1613163),(1144,2018,1,1613999),(1333,2018,1,1614053),(1043,2018,1,1614772),(1248,2018,1,1615176),(1169,2018,1,1615553),(1112,2018,1,1615668),(1194,2018,1,1615951),(1160,2018,1,1616136),(1198,2018,1,1616592),(1316,2018,1,1617370),(1013,2018,1,1617865),(1109,2018,1,1618384),(1056,2018,1,1618647),(1273,2018,1,1622906),(1042,2018,1,1622976),(1050,2018,1,1623471),(1172,2018,1,1623920),(1182,2018,1,1624043),(1331,2018,1,1624744),(1323,2018,1,1625672),(1321,2018,1,1626007),(1202,2018,1,1627960),(1281,2018,1,1628059),(1266,2018,1,1628287),(1238,2018,1,1628608),(1111,2018,1,1628796),(1176,2018,1,1628890),(1324,2018,1,1629089),(1315,2018,1,1629316),(1134,2018,1,1630763),(1157,2018,1,1631352),(1231,2018,1,1631949),(1146,2018,1,1632750),(1304,2018,1,1632838),(1189,2018,1,1633342),(1212,2018,1,1633638),(1118,2018,1,1636382),(1311,2018,1,1637441),(1028,2018,1,1638599),(1027,2018,1,1639828),(1061,2018,1,1640120),(1059,2018,1,1640300),(1167,2018,1,1641464),(1290,2018,1,1643357),(1293,2018,1,1643536),(1132,2018,1,1644297),(1039,2018,1,1644620),(1178,2018,1,1644926),(1140,2018,1,1645166),(1142,2018,1,1645334),(1224,2018,1,1645831),(1025,2018,1,1645875),(1090,2018,1,1646365),(1208,2018,1,1649020),(1253,2018,1,1649327),(1271,2018,1,1649519),(1242,2018,1,1650124),(1234,2018,1,1650364),(1048,2018,1,1650584),(1016,2018,1,1651561),(1049,2018,1,1651762),(1037,2018,1,1651809),(1123,2018,1,1652770),(1245,2018,1,1653005),(1046,2018,1,1653082),(1081,2018,1,1653202),(1018,2018,1,1653828),(1322,2018,1,1654054),(1158,2018,1,1654212),(1327,2018,1,1654594),(1122,2018,1,1654757),(1110,2018,1,1654782),(1100,2018,1,1655900),(1073,2018,1,1656979),(1038,2018,1,1657882),(1287,2018,1,1658844),(1083,2018,1,1659511),(1086,2018,1,1660859),(1228,2018,1,1661520),(1220,2018,1,1662559),(1145,2018,1,1662626),(1214,2018,1,1663602),(1196,2018,1,1663703),(1213,2018,1,1665443),(1239,2018,1,1665855),(1177,2018,1,1665930),(1131,2018,1,1665985),(1165,2018,1,1666073),(1162,2018,1,1666645),(1313,2018,1,1667890),(1301,2018,1,1668350),(1044,2018,1,1668789),(1094,2018,1,1669016),(1120,2018,1,1670940),(1295,2018,1,1672326),(1258,2018,1,1672993),(1155,2018,1,1673529),(1252,2018,1,1673801),(1260,2018,1,1675055),(1026,2018,1,1677006),(1330,2018,1,1678076),(1045,2018,1,1678248),(1173,2018,1,1680148),(1310,2018,1,1680698),(1023,2018,1,1681166),(1277,2018,1,1682266),(1062,2018,1,1682458),(1284,2018,1,1683806),(1051,2018,1,1684279),(1249,2018,1,1684401),(1232,2018,1,1685410),(1191,2018,1,1685828),(1149,2018,1,1686186),(1218,2018,1,1686649),(1074,2018,1,1688502),(1156,2018,1,1688985),(1114,2018,1,1689543),(1150,2018,1,1689574),(1302,2018,1,1690082),(1075,2018,1,1690216),(1241,2018,1,1691050),(1200,2018,1,1691199),(1069,2018,1,1691540),(1319,2018,1,1692278),(1312,2018,1,1692508),(1088,2018,1,1692849),(1036,2018,1,1693218),(1226,2018,1,1695929),(1022,2018,1,1696347),(1055,2018,1,1696576),(1285,2018,1,1697597),(1068,2018,1,1697694),(1207,2018,1,1697922),(1101,2018,1,1697943),(1263,2018,1,1698252),(2045,2018,2,1500155),(2261,2018,2,1500524),(2279,2018,2,1501299),(2108,2018,2,1502628),(2195,2018,2,1503598),(2116,2018,2,1503829),(2013,2018,2,1503880),(2044,2018,2,1505491),(2000,2018,2,1505874),(2271,2018,2,1506241),(2257,2018,2,1506360),(2104,2018,2,1506954),(2087,2018,2,1508045),(2208,2018,2,1508193),(2145,2018,2,1509106),(2265,2018,2,1510301),(2240,2018,2,1510339),(2270,2018,2,1510507),(2107,2018,2,1510612),(2055,2018,2,1511023),(2258,2018,2,1511209),(2316,2018,2,1511476),(2120,2018,2,1512362),(2206,2018,2,1512912),(2305,2018,2,1513397),(2247,2018,2,1513454),(2277,2018,2,1513465),(2117,2018,2,1514380),(2198,2018,2,1514837),(2066,2018,2,1515636),(2308,2018,2,1516550),(2212,2018,2,1517090),(2216,2018,2,1517456),(2109,2018,2,1517913),(2196,2018,2,1518299),(2085,2018,2,1518398),(2163,2018,2,1518975),(2058,2018,2,1519223),(2096,2018,2,1519691),(2314,2018,2,1520635),(2105,2018,2,1520674),(2253,2018,2,1520788),(2249,2018,2,1520941),(2296,2018,2,1521804),(2214,2018,2,1522174),(2284,2018,2,1522930),(2171,2018,2,1524390),(2223,2018,2,1525049),(2154,2018,2,1526250),(2209,2018,2,1526916),(2076,2018,2,1527935),(2286,2018,2,1528137),(2268,2018,2,1528445),(1993,2018,2,1528979),(2114,2018,2,1529787),(2092,2018,2,1530664),(1996,2018,2,1530974),(2095,2018,2,1531401),(2165,2018,2,1532646),(2039,2018,2,1533327),(2204,2018,2,1534241),(2147,2018,2,1534640),(2287,2018,2,1535077),(1991,2018,2,1535526),(2273,2018,2,1536423),(2251,2018,2,1536922),(2219,2018,2,1537557),(2166,2018,2,1537790),(2019,2018,2,1538452),(2313,2018,2,1538554),(2063,2018,2,1541103),(2081,2018,2,1541631),(1998,2018,2,1542442),(2304,2018,2,1542493),(2142,2018,2,1543644),(2010,2018,2,1544087),(2167,2018,2,1545124),(2032,2018,2,1546223),(2185,2018,2,1546302),(2233,2018,2,1546551),(2084,2018,2,1547061),(2178,2018,2,1547168),(2051,2018,2,1547176),(2293,2018,2,1547459),(2194,2018,2,1548183),(2246,2018,2,1548674),(2014,2018,2,1548762),(2122,2018,2,1548814),(2222,2018,2,1549936),(2138,2018,2,1550455),(2234,2018,2,1551165),(2243,2018,2,1553403),(2130,2018,2,1553646),(2070,2018,2,1554838),(2098,2018,2,1556861),(2042,2018,2,1558242),(2094,2018,2,1558541),(2184,2018,2,1559169),(2074,2018,2,1559220),(2131,2018,2,1559240),(2315,2018,2,1559675),(2299,2018,2,1559726),(2267,2018,2,1560138),(2140,2018,2,1560976),(2061,2018,2,1561298),(1994,2018,2,1562861),(2031,2018,2,1563924),(2230,2018,2,1566156),(2276,2018,2,1568096),(2033,2018,2,1568385),(2126,2018,2,1568400),(2255,2018,2,1568812),(2311,2018,2,1569937),(2112,2018,2,1570734),(2003,2018,2,1573518),(2072,2018,2,1573964),(2202,2018,2,1574311),(2149,2018,2,1575078),(2086,2018,2,1575250),(2238,2018,2,1575388),(2049,2018,2,1575471),(2159,2018,2,1575506),(2176,2018,2,1575507),(2172,2018,2,1576916),(2282,2018,2,1577212),(2169,2018,2,1577343),(2288,2018,2,1577737),(2118,2018,2,1578387),(2226,2018,2,1578800),(2225,2018,2,1578905),(2229,2018,2,1578919),(2143,2018,2,1579175),(2012,2018,2,1579176),(2064,2018,2,1579266),(2158,2018,2,1579289),(2162,2018,2,1579573),(2189,2018,2,1580189),(2259,2018,2,1581274),(2133,2018,2,1581633),(2036,2018,2,1581701),(2059,2018,2,1581717),(2180,2018,2,1581732),(2182,2018,2,1582083),(2043,2018,2,1582841),(2077,2018,2,1583341),(2254,2018,2,1583349),(2046,2018,2,1583389),(2068,2018,2,1584036),(2011,2018,2,1584819),(2160,2018,2,1585985),(2057,2018,2,1586144),(2115,2018,2,1588383),(2106,2018,2,1589882),(2071,2018,2,1590037),(2026,2018,2,1590728),(1999,2018,2,1592027),(2078,2018,2,1592203),(1990,2018,2,1592453),(2009,2018,2,1592701),(2056,2018,2,1593356),(2037,2018,2,1593447),(2190,2018,2,1595427),(2285,2018,2,1596911),(2183,2018,2,1596933),(2083,2018,2,1598031),(2241,2018,2,1598443),(2200,2018,2,1598859),(2297,2018,2,1600057),(2236,2018,2,1600061),(2100,2018,2,1600119),(2050,2018,2,1600548),(2307,2018,2,1600669),(2215,2018,2,1601567),(2174,2018,2,1602162),(2132,2018,2,1602566),(2278,2018,2,1604055),(2164,2018,2,1604132),(2248,2018,2,1606540),(2275,2018,2,1606767),(2103,2018,2,1607607),(2188,2018,2,1607848),(2262,2018,2,1608032),(2201,2018,2,1608892),(2150,2018,2,1609149),(2008,2018,2,1609315),(2075,2018,2,1610260),(2153,2018,2,1610642),(2082,2018,2,1610697),(2020,2018,2,1612225),(2244,2018,2,1612608),(2235,2018,2,1612726),(2127,2018,2,1613163),(2123,2018,2,1613999),(2312,2018,2,1614053),(2022,2018,2,1614772),(2227,2018,2,1615176),(2148,2018,2,1615553),(2091,2018,2,1615668),(2173,2018,2,1615951),(2139,2018,2,1616136),(2177,2018,2,1616592),(2295,2018,2,1617370),(1992,2018,2,1617865),(2088,2018,2,1618384),(2035,2018,2,1618647),(2252,2018,2,1622906),(2021,2018,2,1622976),(2029,2018,2,1623471),(2151,2018,2,1623920),(2161,2018,2,1624043),(2310,2018,2,1624744),(2302,2018,2,1625672),(2300,2018,2,1626007),(2181,2018,2,1627960),(2260,2018,2,1628059),(2245,2018,2,1628287),(2217,2018,2,1628608),(2090,2018,2,1628796),(2155,2018,2,1628890),(2303,2018,2,1629089),(2294,2018,2,1629316),(2113,2018,2,1630763),(2136,2018,2,1631352),(2210,2018,2,1631949),(2125,2018,2,1632750),(2283,2018,2,1632838),(2168,2018,2,1633342),(2191,2018,2,1633638),(2097,2018,2,1636382),(2290,2018,2,1637441),(2007,2018,2,1638599),(2006,2018,2,1639828),(2040,2018,2,1640120),(2038,2018,2,1640300),(2146,2018,2,1641464),(2269,2018,2,1643357),(2272,2018,2,1643536),(2111,2018,2,1644297),(2018,2018,2,1644620),(2157,2018,2,1644926),(2119,2018,2,1645166),(2121,2018,2,1645334),(2203,2018,2,1645831),(2004,2018,2,1645875),(2069,2018,2,1646365),(2187,2018,2,1649020),(2232,2018,2,1649327),(2250,2018,2,1649519),(2221,2018,2,1650124),(2213,2018,2,1650364),(2027,2018,2,1650584),(1995,2018,2,1651561),(2028,2018,2,1651762),(2016,2018,2,1651809),(2102,2018,2,1652770),(2224,2018,2,1653005),(2025,2018,2,1653082),(2060,2018,2,1653202),(1997,2018,2,1653828),(2301,2018,2,1654054),(2137,2018,2,1654212),(2306,2018,2,1654594),(2101,2018,2,1654757),(2089,2018,2,1654782),(2079,2018,2,1655900),(2052,2018,2,1656979),(2017,2018,2,1657882),(2266,2018,2,1658844),(2062,2018,2,1659511),(2065,2018,2,1660859),(2207,2018,2,1661520),(2199,2018,2,1662559),(2124,2018,2,1662626),(2193,2018,2,1663602),(2175,2018,2,1663703),(2192,2018,2,1665443),(2218,2018,2,1665855),(2156,2018,2,1665930),(2110,2018,2,1665985),(2144,2018,2,1666073),(2141,2018,2,1666645),(2292,2018,2,1667890),(2280,2018,2,1668350),(2023,2018,2,1668789),(2073,2018,2,1669016),(2099,2018,2,1670940),(2274,2018,2,1672326),(2237,2018,2,1672993),(2134,2018,2,1673529),(2231,2018,2,1673801),(2239,2018,2,1675055),(2005,2018,2,1677006),(2309,2018,2,1678076),(2024,2018,2,1678248),(2152,2018,2,1680148),(2289,2018,2,1680698),(2002,2018,2,1681166),(2256,2018,2,1682266),(2041,2018,2,1682458),(2263,2018,2,1683806),(2030,2018,2,1684279),(2228,2018,2,1684401),(2211,2018,2,1685410),(2170,2018,2,1685828),(2128,2018,2,1686186),(2197,2018,2,1686649),(2053,2018,2,1688502),(2135,2018,2,1688985),(2093,2018,2,1689543),(2129,2018,2,1689574),(2281,2018,2,1690082),(2054,2018,2,1690216),(2220,2018,2,1691050),(2179,2018,2,1691199),(2048,2018,2,1691540),(2298,2018,2,1692278),(2291,2018,2,1692508),(2067,2018,2,1692849),(2015,2018,2,1693218),(2205,2018,2,1695929),(2001,2018,2,1696347),(2034,2018,2,1696576),(2264,2018,2,1697597),(2047,2018,2,1697694),(2186,2018,2,1697922),(2080,2018,2,1697943),(2242,2018,2,1698252);
/*!40000 ALTER TABLE `subject` ENABLE KEYS */;
UNLOCK TABLES;

--
-- Table structure for table `token`
--

DROP TABLE IF EXISTS `token`;
/*!40101 SET @saved_cs_client     = @@character_set_client */;
/*!40101 SET character_set_client = utf8 */;
CREATE TABLE `token` (
  `token_id` int(128) NOT NULL AUTO_INCREMENT,
  `token` varchar(128) NOT NULL,
  `user_id` int(7) NOT NULL,
  PRIMARY KEY (`token_id`),
  KEY `user_id` (`user_id`),
  CONSTRAINT `token_ibfk_1` FOREIGN KEY (`user_id`) REFERENCES `user` (`user_id`)
) ENGINE=InnoDB AUTO_INCREMENT=10 DEFAULT CHARSET=latin1;
/*!40101 SET character_set_client = @saved_cs_client */;

--
-- Dumping data for table `token`
--

LOCK TABLES `token` WRITE;
/*!40000 ALTER TABLE `token` DISABLE KEYS */;
INSERT INTO `token` VALUES (1,'4d937055b2cf6dc7848773cfd122bf84ccf1ef36',1234567),(2,'e818bc25d88d2bf789bc319fadce33296071b919',1234567),(3,'818338be1f82e57b442cac0f1004ab30413fc823',1234567),(4,'92c25ff26a90cd31e574d435aa6e1e0e99f8bed0',1234567),(5,'77bba6fdff00eab713ea55ed26ae1157a50ff5cd',1234567),(6,'8a09b3f8c0d17f2a6febe5d07133867ca6c46abd',1234567),(7,'e2895bafc30c579d21147c283a8bf110ed9c27d1',1234567),(8,'45401aeda2c97389c2ef58b6d93add40df94addb',1577343),(9,'35ea1a3c56823525032f03824d961bd1479d233f',1234567);
/*!40000 ALTER TABLE `token` ENABLE KEYS */;
UNLOCK TABLES;

--
-- Table structure for table `user`
--

DROP TABLE IF EXISTS `user`;
/*!40101 SET @saved_cs_client     = @@character_set_client */;
/*!40101 SET character_set_client = utf8 */;
CREATE TABLE `user` (
  `user_id` int(7) NOT NULL AUTO_INCREMENT,
  `user_name` varchar(30) NOT NULL,
  `user_surname` varchar(30) NOT NULL,
  `user_password` varchar(255) NOT NULL,
  `user_yearofstudy` int(1) DEFAULT NULL,
  `faculty_id` int(1) NOT NULL,
  `utl_id` int(1) DEFAULT NULL,
  PRIMARY KEY (`user_id`),
  KEY `faculty_id` (`faculty_id`),
  KEY `utl_id` (`utl_id`),
  CONSTRAINT `user_ibfk_1` FOREIGN KEY (`faculty_id`) REFERENCES `faculty` (`faculty_id`),
  CONSTRAINT `user_ibfk_2` FOREIGN KEY (`utl_id`) REFERENCES `user_type_lookup` (`utl_id`)
) ENGINE=InnoDB AUTO_INCREMENT=1698253 DEFAULT CHARSET=latin1;
/*!40101 SET character_set_client = @saved_cs_client */;

--
-- Dumping data for table `user`
--

LOCK TABLES `user` WRITE;
/*!40000 ALTER TABLE `user` DISABLE KEYS */;
INSERT INTO `user` VALUES (500594,'Michael','Chaphole','$2y$10$yI9e4vbWiUu5bFmM5x/Ql.Rf0d45gD.0bsKpuy./z3G.hBZ2Dmc56',NULL,5,1),(502310,'Sizwe','Kanyile','$2y$10$vqD.kc78Rtcs1Z2BmiYuc.yWF8PioCr4OVt1s5PhC44znxI7zlad2',NULL,5,1),(504330,'Jonah','Maseko','$2y$10$il0uA/A856kDIoHIJHQMJ.q9g9Ed42AOmnxwDfYVm8X2KilIy2juy',NULL,5,1),(505856,'Sibusiso','Ledwaba','$2y$10$N6MxzWhA0Gvj8BBg5hzlauATWdeERnojN8n6gt.iA54jjUIfl8xO2',NULL,5,1),(509397,'Talifhani','Makgoatha','$2y$10$HifUhznBWcJTM73kqsjgdeox4fVziS.lB39wMGP4eQwjV/cNX8RkK',NULL,5,1),(510648,'Koena','Irwin','$2y$10$6E4SITYXyxEWhCJVcQv3xeqLPHtDYDF0iOwLJXFmkzZBOWIbcvFpi',NULL,5,1),(511170,'Sizwe','Harris-Dewey','$2y$10$YZi1hP/uNd4qwlbn9KFS4.kxLqn7Nq1LP.phA1W/6qDwOzYJW4mO.',NULL,5,1),(511945,'Asher','Komape','$2y$10$lnGDiM7Hx1yrxxZQpIx1P.Rp/rY3md/dzIiB7tdNx.vK3pZtjvhM6',NULL,5,1),(514038,'Thaluki','Moyo','$2y$10$FgjXICYhX2LnuJpoXHHUK.KtQz0/VRZOlF.2vqafERh4QfnGTPQmu',NULL,5,1),(517477,'Rinae','Malatji','$2y$10$HCthj50FWcm4oVcvRZD3p.DRte.2nUkHNa6t6wyX60PdCQq4z6Q8W',NULL,5,1),(517522,'Donald','Monkgelo','$2y$10$yoA3bz8wUyv/FoRC1Sw6hu6U2ITRUG6oa4V.F2Fl6mpJvNsFwRKES',NULL,5,1),(517865,'Ramoshaba','Rahman','$2y$10$t1gI.gXS.OyZRTNexniwG.rdZUKQobbXc.xunypzeLsn8tEthDmQW',NULL,5,1),(519362,'Khanyisa','Dubula','$2y$10$mnBST2504OBmppeX6xMLgOLX4//tSuc.rldZCZ7QbX.d.4kB0MbbS',NULL,5,1),(519695,'Ishmael','Khanyile','$2y$10$Wj.l5p3p3ME4nqCDbxox2uhSeaHrU1DoFxDBso4uztFQI3eM6tTGC',NULL,5,1),(525376,'Vutlhari','O\'sullivan-hewlett','$2y$10$xfGNTX/J0beRyUVKln3iKOYuehhTEU0utyX463PRyhxLKi8j1Eyim',NULL,5,1),(526304,'Simon','Ravelle','$2y$10$mptEFGDQJeGMvKV6wyWHQeZdIVJ51dwq78DYXcwSdTXWenzbT10/q',NULL,5,1),(528701,'Lebohang','Tshabalala','$2y$10$R.6vj4GL0YW2V8YlJzxaL.7TOi/tJcrFFz5s74VubpJ4u1K8KMVxG',NULL,5,1),(528984,'Sihle','Fokazi','$2y$10$jsw7RLwxfCGdy0tUWg7ch.s57bpD0G5C5/RWNlCqLHPBuGW6sB9SK',NULL,5,1),(529620,'Sayan','Kruger-baartjes','$2y$10$boFfcxiuJ1.mATQaBp0zz.hvWkNhSjTejlxoJFTrMA5RyWYIeEMd2',NULL,5,1),(531378,'Zweli','Mbangatha','$2y$10$UKWxRqPkuUgZoxriRrfMzOkiPexKTHBNExpp516NkVxO0q7ZgRM9C',NULL,5,1),(532623,'Hopwell','Mokabane','$2y$10$TQbj.HkFYWMoiCXOMsj1M.WfFTqeKFEMpA517H74Vn2haQoMKfR0y',NULL,5,1),(533059,'Kgotso','Sanderson','$2y$10$WuhinOVENZxRdRphsZ6GWezsrQ1JEZQwhUV1KbZaBk262297NkUFy',NULL,5,1),(533274,'Sesona','Harris-Dewey','$2y$10$e4d.oDBGr2IeYYhNeuYAeuX4n/T7OBZf9eEueoTQwFt35i.GldyE.',NULL,5,1),(535309,'Ioanni','Peter','$2y$10$eSiG7Rb6uzKVul7Qpx5UpuJDQwAWjugniNjg2ksmpI1GHglcGwO1q',NULL,5,1),(536609,'Jonah','Luqhide','$2y$10$yDGiIHSF13SPoGXvn8epjOTKMk809nExCmN6RS1IDgcmCpywaAI9C',NULL,5,1),(538834,'Molefe','Mohlala','$2y$10$jQKSAk74s5dwCBgkIc3v/.he2pmI.WVgxv6InR0rqxbMcKJ2ug.oG',NULL,5,1),(541557,'Nonkululeko','Govender','$2y$10$5/PrFL0z.iOYSKu6dgbi1OL2u.HUCit/Aifqbu6vU2laJXWy.KqJy',NULL,5,1),(542821,'Iman','Nzipo','$2y$10$uzTCNJfh4c/ssmkyivQjo.ZROoGcJQDAVpOU/wl2yNIaUtGcj9Qm6',NULL,5,1),(543796,'Banica','Nhose','$2y$10$EQFM78l.SEfpPCZFvMpRUunENucyk36lUL7jBu6M5muO2bBPx5zli',NULL,5,1),(544182,'Sphamandla','Sanderson','$2y$10$6.qTqljOkIU7uXimeL0Y1uxuNDoiIJyPP.HWd6o7ZvgrYVn7MI0LC',NULL,5,1),(544740,'Kamvalethu','Paul','$2y$10$h0.G3ilck5DZ0ymaEhLrueiTVk7UG2GnjLPAM3Y6kt8m3TbW7KRha',NULL,5,1),(548557,'Xoliswa','Thabethe','$2y$10$Og7mA/boBQNFTsVe2K1j0O2YWekAJXf1rVNBhxSrUBfMHDiFz.RW.',NULL,5,1),(548710,'Jabulani','Satekge','$2y$10$uWZTu3.374iIoCVV5TL0J.BXnfDQK2gy1rOJk3q6KhIURE7b1laP6',NULL,5,1),(549968,'Jacques','Moyo','$2y$10$zSurFzZrLjKAdGuV17HmT.bBD1SpHDhme5ZxIMcixF9Z5YoVpvWEC',NULL,5,1),(554625,'Oluwademilade','Gani','$2y$10$6o42gV0LvogtCHRMcZqSEeBNjmk35poW.u0ytI6.p94djlJcVy8Mq',NULL,5,1),(555727,'Sayan','Charuma','$2y$10$1IES9/Zc4AaZlv1r/R1Jju5U8d3DZatbE2NAmMzigp7GjqRZr6kvm',NULL,5,1),(560705,'Mohammed','Luphahla','$2y$10$Rjc9WmS/GvY/V.NurAox3eeGk..wEAdAUfmK82zYlUGv9w63/dx/G',NULL,5,1),(560763,'Sivenathi','Maleho','$2y$10$9loRVlaai3XBQBntuntA1On6iFJcBtRNczE2DIqDErAfS3mBy/rLC',NULL,5,1),(563082,'Mohammed','Modise','$2y$10$2el9VbtpaCPV2Qxvtj9BAeUVKwsxyQlpUhFhaPrKUScjjGQdtjway',NULL,5,1),(564943,'Michael','Rambaran','$2y$10$d/AtbinZnRDGWyyua/vuq.UP17AR8WtfFshQuKZkdNKKt4.RUfBVu',NULL,5,1),(567817,'Dino','Mazid','$2y$10$t.scj05dq13BEuYtqJZGteJUDqrBxqFKmBePbm945xydWbqGgRTN6',NULL,5,1),(568258,'Pranav','Vallabh','$2y$10$Q5Y9GVLJos.hQZ3a463pQeh8aZ2G2aGXQz7maIv.i74EmlJukCKbi',NULL,5,1),(575263,'Gerald','Molefe','$2y$10$9QgtJu2MNvvnP0FlTuEtSeUqYKj/FaMjV840b/TLQMq4pq1dG4TJK',NULL,5,1),(576969,'Nhlalala','Moodley','$2y$10$gG4Ts4/yQP7Xf/ML.j/et.P/S49qOO1ObEGTK2boh6I5HBEG1rZL2',NULL,5,1),(578356,'Mlunghisi','Monaisa','$2y$10$LgIqcEbIsWudkpnxuwM1ne7OnA4WSpfuKp/Of77tfqY8aE/ojf7k.',NULL,5,1),(578509,'Sitlabutla','Mesgari','$2y$10$.tbPynS7rAus69hACGoAiuiDMSbJnlmmnnLxHLAapl/AQ0zsMTRdK',NULL,5,1),(579187,'Koketso','Khumalo','$2y$10$I9sHkhKfK0zxLbxStliUSuGFjQYtQjV8./1DxR/G/j9/vSPlQROBC',NULL,5,1),(579556,'Karabo','Moyo','$2y$10$IkjP5RehVqj4OtJ.1gysiePuFGo9gNXKfHg/v9csH6.y9F154cMSy',NULL,5,1),(580243,'Kamvalethu','Singh','$2y$10$k3Li7B3CLRiNUL70DI4tXuOOGNDe1dh36p0MVS8Trsci6ZkCsq9Te',NULL,5,1),(581445,'Bhekamandlenkosi','Dlamini','$2y$10$XwVDF1yKJA5/ax/f5o30Ce4TZ3sNbBz5CoPu/GqLy3sixVW.bgjj.',NULL,5,1),(583059,'Themba','Phokane','$2y$10$iASW5.8lg7E1LkMXVj7Cm.O5fIIIpLCSuw6MQk9cYTefhmC.Cezsu',NULL,5,1),(583740,'Reitumetse','Charuma','$2y$10$k3.PFLA0uR9TNuB6AQaGgubf0EfAjNQth54BjpiE.5f.hG0T3iD5K',NULL,5,1),(587123,'Selebrate','Sanderson','$2y$10$x/9kYbEOJcc9udsIJtgDoOg.ATNT/bYau8UzQzAYpA/.XGOzjQNQ6',NULL,5,1),(590622,'Michael','Makhado','$2y$10$xTg.ngGLYoJmhuwra4C1Je5./pEp4Rmu9CsuakYEI/M4UTQlwOy3G',NULL,5,1),(590683,'Nicolle','Van De Vyver','$2y$10$.Al1acs8O5DjUf4rhi0l..bNbz1EdQTDcT.yLkO2ojhvPOQp7CkUS',NULL,5,1),(591758,'Banica','Khumalo','$2y$10$HPJT9mKfmhGjPBCtjFBQquVQSkDSd4g/zGXeL6uyYskrkPpZleoVm',NULL,5,1),(594317,'Je-m','Peters','$2y$10$UwsiTkKKtWsk2bkfJbVc/eEVfQgm1XO42ASPZeXoPxjvdqi62jQA6',NULL,5,1),(596813,'Sandile','Madzima','$2y$10$qR2fet7laE7jQQAllEhiCu6wMNxbp5SmlenXHAQhtO6RSexe0f.Fy',NULL,5,1),(600153,'Shavania','Lutz','$2y$10$SgUr2liMrewIdfUn0nd2/ef/E0xqRPH//SxJ5sghp7xH40VD6Dnb.',NULL,5,1),(601241,'Kayleize','Molefi','$2y$10$MbxBvjor93UJVA4.rJFt3.v697sbsDrY59DZNHVBsdCtVQruFXNhO',NULL,5,1),(601938,'Mxolisi','Ramphore','$2y$10$2nIvjZTY0kVRG4EfZWytleU3Erk6i2VLURUq.FSsY/px84n5NCsaa',NULL,5,1),(602060,'Tiisetso','Monkgelo','$2y$10$8d0BGqRB2HOJILPw7roIheR9fvngz/GkGDLDB/ZKa0Wb/T1GHyvwW',NULL,5,1),(603889,'Rodney','Kubheka','$2y$10$.yiqS/e0XS8oUZzsuQMmw.PtY9GppEgeYfsY5.P80xoIfCYJiFTNy',NULL,5,1),(604861,'Nhlanhla','Mbangatha','$2y$10$vvKKUKaz60mR72Qr3FRJlO6.rtbz7xQ/fhl8AoJSDKot/0tz5pDFW',NULL,5,1),(605595,'Ndaedzo','Wookey','$2y$10$90gqQmuueJNOoSY6.H.8YOTevl7Uc2ls1o.13l3256//WtlkOdbLq',NULL,5,1),(606284,'Aidan','Joannou','$2y$10$OKDbb/me1qF9jxskx2o0N.DMZudXPlXN/ueC9S8QvaOpowNONcVM2',NULL,5,1),(607975,'Pule','Lerata','$2y$10$azdFkcPo9oSVfAHKIwedaOx/V0I.Ekmju5pLGzho2fLZmkgjeUZKu',NULL,5,1),(610149,'Thabelang','Shamu','$2y$10$JciM.i6Q6y7qGZ823Cv2uemjAbG7oallF4LVC8P3h5UfEh30/vi16',NULL,5,1),(610983,'Ian','Mogale','$2y$10$TotDzHF26MwlFRMeCD3mhOEQvm/zH4FlL74xSn/w9dMs04TjxfXJu',NULL,5,1),(612035,'Sizwe','Shoko','$2y$10$XpOY4RxMTJZCkPhRd3NCjud7gtlPrrA/zPEfvewq2tuqDadD5wAaW',NULL,5,1),(613038,'Glenn','Ntshingila','$2y$10$LzUvdT1LwQHmlkgCJ2U9fuldX2dw11ofOrO5ofE8zWvmcw6X8tn5y',NULL,5,1),(617466,'Ian','Kobela','$2y$10$W0607rM4VhkgoF0oDuwl/eXU1QCrlzUFDIWf.H2deypLIgjjz6w76',NULL,5,1),(618585,'Reece','Jagdew','$2y$10$GVOEJ5SPhCj0CtXl..0q6upDC4lZqecEgS5QfoEJTbQXo8oQtuYYy',NULL,5,1),(622116,'Jesse','Ntintili','$2y$10$adTrqOOb9MvucdfnHFpCUeAqsVxR/BtKa5Uh8I1Im/GuYhsKQBSai',NULL,5,1),(622411,'Ayanda','Komape','$2y$10$cltkZ9oqX.9qp0ztuwqSt.6rjqPoYH0sGpp0zyc79doHZ.6frMs6S',NULL,5,1),(624508,'Olebogeng','Sanderson','$2y$10$mruGfSjbT.KgFtfFVcIpjuXvG30LxKD/b8sv96ultIbvZVu3X8lI6',NULL,5,1),(625617,'Jecquelina','Mohalakane','$2y$10$Pmnp3fDbeJeJwuIpy9zLhugcv3tQJjVLKhn8Z61kyastu4RTA/G.a',NULL,5,1),(626045,'Bawinile','Van Der Spuy','$2y$10$Hs2p3rmIL8dnQM2aY45uzOeYlXR5mpeIKXXRph5NAjoeEU0LFFF8.',NULL,5,1),(628103,'Jacques','Griffiths','$2y$10$AKD/4sanoY4OMNox8jebVe8lYpVp9vteZPA2iadji8nSJgtHBtGRC',NULL,5,1),(632002,'Nonkululeko','Nkosi','$2y$10$MdOjWghh4dSTW3AqertJtu9ZPV/x.QrMfVh1z/atAssQdaA2Yiuh2',NULL,5,1),(632984,'Daniel','Nkabinde','$2y$10$WCruSis/lwBcnEhUeqzPhu4iaBB/0gdKyLNWO72yb7qTruADlKZHu',NULL,5,1),(635970,'Mojalefa Paul','Vikilahle','$2y$10$TxGWgK2QqxjGt2.BTDml6Omg2ICSZGzL/92D3UAL5W/QnIZomN/lS',NULL,5,1),(636478,'Mologadi','Koko','$2y$10$YaNhVy2/3nIWolomZ2XSY.BjSjhwlEMPqPc6i0UYCCHZ1esy1Ir7S',NULL,5,1),(640475,'Keanu','Gcanga','$2y$10$u1hf/jFIVO0Df4.zApt6Gu7dgpPV3p9Gqh58HvTBJvWOMVjrcV3sW',NULL,5,1),(642273,'Nkosinathi','Madlala','$2y$10$vo4IUBMr9x96rIlxoafo7Ov1HlXySZA/Iykb1kjET7z/IwAFf5Mgq',NULL,5,1),(643620,'Katlego','Ngobeni','$2y$10$drJz7Y9/VTnFu4KYvjcTp.ijaa/lUgVtCf6rp5SuQBYCjsPtGgO7q',NULL,5,1),(646684,'Mayibongwe','Hlungwane','$2y$10$LL8poqggu0LUuW8vlzhjN.HhCbRd3stMceQhND9qYMveGwT8SpX8S',NULL,5,1),(647616,'Vutomi','Reid','$2y$10$Mh.C8Qx5AHa06u1.O/8y3em2EsMGyWO9S6f0BDDJYVB2CptoLYYQG',NULL,5,1),(648246,'Bo-yan','Mbara','$2y$10$WJ/KNsvXSemLHe43pE83EeIuLx1/p5GoZP1fds0nZj6l6tEpezH3W',NULL,5,1),(648323,'Rotondwa','Khumalo','$2y$10$Cr5yz0hjL/JIkNFzdQPi5OEYxCcmEhBLQrrDqhBnr2U9a29JNh.2m',NULL,5,1),(651312,'Percy','Musara','$2y$10$/FLyb3GOWXyp2ZFmD7EMiOo282o9WXE4Ogw5CKxIltI44dQyDZTpW',NULL,5,1),(651443,'Yamkelaokuhle Elliot','Nekhumbe','$2y$10$bb2V0lmiRxh1aRB91TIkqu28C1lVzNoT5aS4UPWpwui2L9z4z0NuK',NULL,5,1),(656409,'Skhumbuzo','Twalo','$2y$10$Afu8zRfzI5B1glfdsFu8KuvuMdsi.WWxBkWxYMEL85SH58LfPWJbK',NULL,5,1),(656482,'Lebohang','Sangweni','$2y$10$9rWZo08uQTA97AjSK0gt9.La4xAyj1L39pGbm5KYXOPOI27HmhzAy',NULL,5,1),(657138,'Thabiso','Marubini','$2y$10$nJ9wawXo4Cd/DNZ5WImCfObu7f3OETZrFBYhOajt2kyCWL6gK/lSi',NULL,5,1),(657949,'Ian','Moditambi','$2y$10$1nQaTgJKUdfiUDFt/xPjnu0D/37EmnL.wn.OTMAIZ7lbSr5yaLDn.',NULL,5,1),(658397,'Bukho','Dube','$2y$10$.0NundaNMXDVWpqy0y77nOAUI8OSifJKxc9sVyaSl1.QKuqmlVvBO',NULL,5,1),(658748,'Rajohana','Wookey','$2y$10$iMElMbv6XlVtzq3ZoQjKe.3IzD0NbQnEEn6WEPEx6Q9V386pS28kW',NULL,5,1),(663699,'Qhawe','Pienaar','$2y$10$mgryVbpOTZEvkZ.g2iNSxenr7aGjTk.u706II4tOAUzvUXetz5xXu',NULL,5,1),(664555,'Titi','Rambaran','$2y$10$aFJ./Vm3ZFeZ72rAUygf1.aVW3Kuou1Yd347tjLxpSK9jc6TEyXaK',NULL,5,1),(664582,'Moses','Irwin','$2y$10$SjAQE4SRdwJMjK/Ab24O0ONSLSiJ1nrwaT5c1JyMlTjF7yq6TuRpG',NULL,5,1),(665689,'Pranesh','Kanyile','$2y$10$l6//oSPEGxsKFDsA2Qn0..d892bm2wkYRU6i2/a3.AyI2WhXigw5G',NULL,5,1),(665997,'Taeisha','Tshazi','$2y$10$MIiJx4LbLse6a.dw1gDhy.swcqw4HVLh0czWhou8G1LKlzUta7owK',NULL,5,1),(666389,'Nkosiyaphila','Mazibuko','$2y$10$WuZjymJlBKl/rBFGb1Mw2uBuow7kaIFOQy4etmAlkTKQCMktfABga',NULL,5,1),(670656,'Paulina','Wadaya','$2y$10$7iq36VoVHE6dAMooDLvFtuZA4VlATAJZmm5ScTgEThfkVuza/ptVa',NULL,5,1),(670968,'Neo','Gaetsosiwe','$2y$10$3JW73HzJN8mIwJSJMzf58eZBfQM.3hYuwD3E6TABnq4m.a/zC3n22',NULL,5,1),(671522,'Nkosikhona','Ngwenya','$2y$10$EkSevD2ZBC4RQ3mOWVQLSOwdVk2sIE5Q.f8wmNwrnEywGz8PTyaNK',NULL,5,1),(671612,'Cornelius','Chirindza','$2y$10$bK7b8p5xrW2z2w2tLNadY.6o5gwDW4bl/ms0Lx0ySvFCJKc4nQLOS',NULL,5,1),(672256,'Tieho','Smith','$2y$10$T7hpQdA4iIC78RHf951wOOzZj3OdHn/G48yhwxlC39TMKmYG50o1u',NULL,5,1),(672892,'Matthew','Nzimande','$2y$10$WcDyrF7/BcxOP99CuhZh.O8TTC3UeIhRIVQ/z/IYqhlGbTYPcEhH6',NULL,5,1),(673360,'Thaluki','Irwin','$2y$10$pqQ3l7FbbCsd7jXbx27Zg.Yl5i/Pi238kU7BH.1.Jysx74BurUlX2',NULL,5,1),(673628,'Thami','Ngebhe','$2y$10$g1JDjWeG1vMY15d8rC.NAOwlPWRDTO5A5U3fUKgP51xwnW2.RK7C6',NULL,5,1),(674096,'Kelvin','Walters','$2y$10$jGr0lqJWIqoTcfQvMQkyIOHqPER7LIWVqizWOmyNg84/7BhaJ5Qtq',NULL,5,1),(675877,'Nthabiseng','Joannou','$2y$10$2ZrRBo.JpPZlGFYKG.7.7uvijeWaTwwe4/.eeJTIgUEsJsV/bzoLe',NULL,5,1),(677566,'Ayanda','Nare','$2y$10$TBFWs87a7K.KKe789MjrA.Dl2YkerwjuogNiPhQ.DLdlPB2wOOgk6',NULL,5,1),(679620,'Pule','Penyenye','$2y$10$kOWkWFqpQ7N6T03M8Zmla.fasNJ9y5lbujdkdHAYAmmv7MnkZMsxi',NULL,5,1),(680520,'Goolam','Mogaki','$2y$10$htXrcrMYUV7h1P/VN5k9POwRQvnJf7uXbdum3V8eEdVsIeb.Am1A.',NULL,5,1),(680571,'Siyabonga','Wu','$2y$10$i0TQJYg98SfiJq16Pl8gsuYELmzpKVPWcHSPvUJwxZsjicpC25FtW',NULL,5,1),(681156,'Molefe','Mbokazi','$2y$10$I9diWUJejfyzYyE1j7GC2.4/PeX1V.mJZY6qHc.ae5LiZMHCAq5h6',NULL,5,1),(686345,'Yamkelaokuhle Elliot','Khaile','$2y$10$WWsol5WpqnbtLJ9iUOVoT.l/TVWURyrLp11p2RysJuof9QjJlzp72',NULL,5,1),(686721,'Sesona','Buthelezi','$2y$10$NuaaqS7eCtiLLIbHBLFx3eVl7xGEZ5j9.zw0MMDQFhHsr/6fc90fy',NULL,5,1),(688511,'Bono','Ntjana','$2y$10$oWDtoN4IUnt3ywRItqyzf.gke3ZCPOGVyKNgAbqox3BXMXJvqhrR6',NULL,5,1),(689544,'Walter','Nkosi','$2y$10$kGOPxOfuTrMLMvlMwezic.jHTfqWoAlvttU11Uss/niuSpm.n79Ta',NULL,5,1),(689779,'Zahraa','Gcanga','$2y$10$7AypFyUz0I5ZsvmjAF81l.bnA4j9I5sa9j.74yTeM1vlJ/fn.pSgi',NULL,5,1),(692015,'Kushal','Shamu','$2y$10$QwQiX9AeBDQz6Ml.nn3z9uO4Xpv2rVwFkTuDxvbSyk1MFU/Ded3b.',NULL,5,1),(694641,'Daniel','Ballim','$2y$10$vVG5mlrjpUTQhXScr07F5.TuNVQv/tUaCNRXXFH/ZamLC7bqCnHtW',NULL,5,1),(694741,'Kayleize','Madlokazi','$2y$10$zijMZDK/1oF6zJ2lFUL2eOX2cO7QqxSfCK64ZZrS02mBVRT2abMmW',NULL,5,1),(696219,'Titi','Mti','$2y$10$12Rc4tsMz3hc5W.PoJovEehAskO1NHkDB9v/Ey9A7dinRMLrdg5zK',NULL,5,1),(700166,'Andrew','Istain','$2y$10$ueckmniJwnWfQZm4OtSHIe89/uPWqnUjM16Jir/z9xgmj1C8sPVze',NULL,5,1),(701070,'Moshabi','Plakas','$2y$10$q2cFlftjGd.vPfemI9ufFudmO/fofeMclsRoHLVxB.zUTmrB1GXoy',NULL,5,1),(702696,'Bo-yan','Madzivhandila','$2y$10$tdLDPH3wtoGiB3R9boRTlOk9Mo8/Wo2qg6oem.SJ9Ol8gnyXkKPSq',NULL,5,1),(702998,'Previn','Nobela','$2y$10$YI14HkO.vC76LXTWlcUV/uAH03qsYVcFXIf4DsMchXFXYwOeu0lAW',NULL,5,1),(703338,'Mohammed','Makgoatha','$2y$10$D41VJn2lo5187SuusbSj5OSZHJ/02nQ3lbwoWS3wJenX1Ri/sTrjK',NULL,5,1),(704005,'Mokgadi','Mabunda','$2y$10$JDga6gFH3F8oG8ajaGELqez4JLt1XY4BWQcUH1eLWnyNKK0PJ3L86',NULL,5,1),(705635,'Shagan','Dlamini','$2y$10$szJMQHvrEpuX4N.2nMXKCubenm1FHrASEOGAIjWae9wtdB11JVq8u',NULL,5,1),(710148,'Banica','Anastasopoulos','$2y$10$nCfah6zRCdNXDiDywrM2SugwY1oCuRAFsqtZO9NSewhsZMFHQSoFC',NULL,5,1),(710618,'Cheryl','Molupe','$2y$10$1QUwEBeDj4s.NbxCAAoXPeJYDVHYNY3z8AvBjiKsivyiMyuJWuvWy',NULL,5,1),(711724,'Kyesha','Ratshivhanda','$2y$10$PeitVkavAxwC5.W6jMRBXOxCLMGCWCRGREs.ZLhcGq/ycIzv8x51i',NULL,5,1),(713390,'Alexander','Gcanga','$2y$10$Jnv1mk9JnwgBagb3Xb56cecBiL52IH0Y40f7qxpLkboL4fF.Z0Uce',NULL,5,1),(718548,'Tshimangadzo','Makgoatha','$2y$10$ooyjMZK30L/1YUUum/r9b.uz5mkVGq6mu2AYu754lm.e4u9LB7jF6',NULL,5,1),(718921,'Michael','Suliman','$2y$10$IFQC4BEKH7kZa6cYdV1.aO9LlYKqNUU6/3lWhXHM8CBgcEnufBT5u',NULL,5,1),(721373,'Amanda','Patel','$2y$10$dEKrV3xL08pFEFOQn8ADpOO1bFTb0U2cLu5.DXfc6jX4/7e0Q6CLi',NULL,5,1),(722183,'Mmasechaba','Ncube','$2y$10$KDNRaovarDHzyIAESDUW9uhXgtAhGVw/9KOZjNWGgArLo4toDxWVK',NULL,5,1),(728799,'Moshabi','Ayob','$2y$10$bnxbU5u5dmyo0PKF0PaTlOnfag/ceqfnYsJ2lv0Pjx5Jx5ZrXdG0W',NULL,5,1),(729203,'Khanyisa','Peters','$2y$10$avIL/0G6L534qErJpgZtMeKzN6WJt9uK7OIzvKRlYKkfUwL5lnxCq',NULL,5,1),(733426,'Sisekelo','Ngobeni','$2y$10$dBW7m00zq5RftMJw17hCNOOuIQQ74jwBAa1pu6TrIKcXOen2CbAe.',NULL,5,1),(735374,'Abdullah','Molefe','$2y$10$S9QqS2i4df2ytEJ65EYY4u5ZzerHhKmMhV6m5FYV73FsQOcrhdmoK',NULL,5,1),(737467,'Jabulani','Mohlala','$2y$10$2IXQ6ToeETP4BfdAuHbsUenl87KmvEv88rMBZw/gkwk1HfV1XMUeO',NULL,5,1),(738238,'Lisakhanya','Ntshingila','$2y$10$MkYx79VBp6rAwQgJ6dRBwuhwCagrbU/brocKfJmf8FJmOQ2wCn8eW',NULL,5,1),(739134,'Zwiada','Katzen','$2y$10$PcWtEyarTzjDdBu05hzu/exytV9h5TaHY/roxEQNcxS8il/C1tZNi',NULL,5,1),(739390,'Tshepang','Fokazi','$2y$10$c5BpuVMM3tUSSzBoREbk8.WQLqRwWPkluMcpP2Su7CrvtzRvEKrRu',NULL,5,1),(739479,'Naazni','Madwe','$2y$10$X8sLYgAa7TOZ1NGGHl3NW.zNz5.f7KIt70gWEgGHlu/nb2wJMB9Ze',NULL,5,1),(739591,'Philani','Nekhumbe','$2y$10$KQiiRoiE5uXkuRiGxRf7a.dskBZgnQcXg/7n7IiP6xA1jQK9GxNhC',NULL,5,1),(741993,'Mxolisi','Nkosi','$2y$10$z4JsPz4pKFMcMk2Rz63yXuaDaSNrQGKXA1vF.i.UW6oYYpkdp.7ty',NULL,5,1),(742159,'Sithembiso','Nzipo','$2y$10$L4IAp4KnPebLt0dj5U6.UOQzXnEObC9zZaJH0HopGssCV6Eco5J2K',NULL,5,1),(742760,'Nompumelelo','Thabethe','$2y$10$zXLrXx7SLXt14qouVVeTh.dNwnj/K.lbkhyhCANcav9SJ4ZhqZuyq',NULL,5,1),(745091,'Sandile','Bangie','$2y$10$0fEF9RlCrgqalxiT1NrP8O7/mnAQuuV64X2Gt35.HHgKubCKcDQzq',NULL,5,1),(750525,'Siyabonga','Klein','$2y$10$WZEq6oO9qCoPOKYHRuflVOrqgPHcjObSh6QoprmyE.7b6AsmvyXFi',NULL,5,1),(750754,'Amaarah','Moyo','$2y$10$fMerAANw2JqD1rSSno0SPOVYambiwtTTf0mFN.5JUuaNI4Yd9XsXq',NULL,5,1),(751589,'Khanani','Mohlala','$2y$10$IPEKkxmAh58bVWZ6UOAPu..HoSFvmAqNv3kJ4768pwIjZCbejCZWy',NULL,5,1),(752097,'Goodwill','Bulbulia','$2y$10$3SE.nzAszwQ/nfirxSQI.OmYd4sgEvooCgFbHzoZGuyhIKyrn0Ua2',NULL,5,1),(753626,'Je-m','Shibambu','$2y$10$yQrBrZeH6g4HcfWaz4p3aOT6S2FsdRZqVf/x7HIGG2ueyQEHkNcCy',NULL,5,1),(754312,'Sitlabutla','Radebe','$2y$10$6FsebgMx0msgFJX433oCauR5wgJuSKNO4RCL7Z/2QyMV3Adhe8fz6',NULL,5,1),(757100,'Tristan','Manzini','$2y$10$bcezTJAlB7PLzUl5Bg8Q8.BwtFHGa/jqJ31OgWal7FgBLhtzoBMHi',NULL,5,1),(758519,'Tebello','Dube','$2y$10$N9vfArF2fXYuWgFuLgBPE.CnvPBJfwwj/ChsWjig8Y58TMomp826K',NULL,5,1),(761685,'Sibusiso','Klug','$2y$10$OResX.7H6CX25CScZa1Nien5cEBXaMVZL8wYeraFvghpa7x2Nz5Sm',NULL,5,1),(762257,'Innocent','Ramphore','$2y$10$EXNEyKoDiZyxI9.gIOSEIeOGfYvEZ4Fz/EZ7vaHhu/gh3UVHSFIn6',NULL,5,1),(763363,'Glenn','Ncube','$2y$10$9dP0HBKmp6co76i/j58oA.AN7/0WT8DxTvkfWXt6AfbcaK0TsGbX6',NULL,5,1),(764138,'Nontsikelelo','Motlhale','$2y$10$qnDmZCSdvrysgja.7yRS3OQCfrocq7EhAPaokyzIstyASs3.5x7GG',NULL,5,1),(765766,'Elijah','Sikhwinyane','$2y$10$kStep2iR74L1oUYqcdYhguD0/kIRvXXgzgnQSHNECGLjimTP5.716',NULL,5,1),(766220,'Thabo','Mazibuko','$2y$10$cR0Q6Ha4FFR8Dra993TLt.Yyrrh7GYZB7yb966ZeTgY/VO4RoIR3S',NULL,5,1),(767380,'Imraan','Madlokazi','$2y$10$jAEVtjkCuxOHzWnZr87wt.DSAIwS/mTPrntlu85sSqu1fzirBj156',NULL,5,1),(767476,'Onkabetse','Chezi','$2y$10$vDvKCx4DLBI5LHTr0oUOWefVltvJwiMXwL6v2nVKopWH5lJ.KuloS',NULL,5,1),(768884,'Kaone','Branga-peicu','$2y$10$wcTiIRBIX9.acu7kjMSLKOEC5vEzcU05C6ce5y0RxYDLvXDvwjZli',NULL,5,1),(769741,'Mbalenhle','Bristow','$2y$10$yen9ssA0ScTL5Zh8/qqYP.pWH541IAK4N0cLSDwxb8GOMK54mRdSq',NULL,5,1),(771512,'Tshepo','Klein','$2y$10$9Kjebp1LySPZDyBRR2Aawe1sKQQyXO8ZjB3FQ2EX6QCLeyJhakmHW',NULL,5,1),(773366,'Musa','Kok','$2y$10$c1yNrmoV52kRdEYXlQ0x/uDETUt5rScOP19svPNsyyN15XnciLft.',NULL,5,1),(774736,'Tshepang','Monyela','$2y$10$UMCqN5DNh1pqcQ.gMGNy5OzmzqFBCQ4KgQBtpZQnLFADaCX0YZY1O',NULL,5,1),(775789,'Koketso','Mopane','$2y$10$f19FLXDeZRZCxNNEBbG4hOOpengcdMcPS6iFYYUpKEDIB55J/E7Mu',NULL,5,1),(775975,'Koketso','Shongwe','$2y$10$G6kQnAvSgBtGVbqaUvp2wek6y4lV2cnMDtjHP3Dl9yQscEQFB1Dhi',NULL,5,1),(776010,'Ian','Kajuna','$2y$10$neWJRaE/0LIsZzktGvbEU.U/NbAgHKISKg.Gn6UTeGA0GkrxKQAqS',NULL,5,1),(777698,'Nihal','Manga','$2y$10$6JdCOa6D5et8N8/fSHsNPO2PuCoRYSZC3OoMhdKdTe4qzS97Tr.GC',NULL,5,1),(779539,'Bohlokoa','Mabunda','$2y$10$B/tD2hUCZge/uw0dny0Hzeh/C7lp5/c40kleSwRXOVO/7s7yO8tu6',NULL,5,1),(781430,'Bokamoso','Komape','$2y$10$oiYEE831.Rfwq6zE4Sw5vOaHCn0a7nlrtGM.WOuJn6wCuczxR577u',NULL,5,1),(782734,'Nonkululeko','Nkuna','$2y$10$5obSX6hG5fW5uIkV7IRBguztrMHR2xevQIsPHlyvVyHfWtOxS/mXG',NULL,5,1),(787171,'Caroline','Sekgube','$2y$10$KvFMTkpP6IIsAsbfJodBgOvdglXk8G7OmtfxNBVn3YGZ96Fx2ags6',NULL,5,1),(789162,'Lungelo','Akhalwaya','$2y$10$JZRb/LReNmEjUaTLONbojexwAW3qwRNQyTOf0A/qEmW1gIBAFgDhu',NULL,5,1),(792875,'Xolani','Mangera','$2y$10$RZmjF00d9QGL.0imPxkGT.pMcaQpav5BvpyRx4QplTEryVioBiBPu',NULL,5,1),(799164,'Koketso','Nzipo','$2y$10$uc3HqJIQ4GsboWZXncfuQObSXJ2qM6NQShpu4E.NyOSv/y8E5pGYS',NULL,5,1),(799227,'Phindulo','Nundlall','$2y$10$P9clPJAXHzPAIvMNFH4ulubMCi.KxVJgYtg4dCysiFoykwC2.4sDW',NULL,5,1),(800981,'Ioanni','Mokabane','$2y$10$xDlmNt0JF86WnUrbscOcku05KwHIjD1q23T0IPu9t.La23BLmQ/VG',NULL,5,1),(801622,'Thabelo','Reid','$2y$10$1R9mwNf4OOCPgEL3aM5FHe5P9Q4rj5SblFCA3KP2a16w2rRba2w/G',NULL,5,1),(801900,'Thabo','Jannsen','$2y$10$k6fh0mUA5urmx339c0YpZ.0RCS/y/BuhSAC2R1yLSBXs6bTHbaIS6',NULL,5,1),(802449,'Charmaine','Akhalwaya','$2y$10$cXee2YIq3oCfJ0d3qwTNIeLp54mUebCyGvns4d3c/ijjHATYXFnwK',NULL,5,1),(803277,'Paulos','Anastasopoulos','$2y$10$xGUCJcqzonCqAzG5eCu.o.mx7QM0l9wfv/Hr0YXKAFkIkKg64x5Ou',NULL,5,1),(806711,'Sbabalwe','Nzipo','$2y$10$weeJdK5tHq.o/aRawbykwOtwQ15enqC/BYn3VUOFvOJJwoQFF6La.',NULL,5,1),(809398,'Hlogonofatso','Munyai','$2y$10$ya0uQzWa.fPfP2h..QXZP.Kat/baAtJgmX3b/AtVMjXJQgD4HyLvK',NULL,5,1),(810220,'Thakhani','Buthelezi','$2y$10$4OWSrwsbDscqnMMHNd9gG.SvmoFBx9FEZkN36n8Hx9fkuLTglNPqW',NULL,5,1),(810265,'Tshepang','Shibambu','$2y$10$We035gdzCYGhQ4BDNy58Q.6UlytZIyOah4/BvKh30U7MqLTI7/OW2',NULL,5,1),(815253,'Rajohana','Mlambo','$2y$10$51NoIbLvsfIDIPZ6iuYcf.Kr5JvRgw/DyKUfEaTY91Trvtcsf.FfS',NULL,5,1),(815581,'Lethokuhle','Irwin','$2y$10$3bhG1fvMxI/UZZHNApNgUOXasDCuvHSRXo47Tarif.rmAn8V7Xl0i',NULL,5,1),(817477,'Rumbidzai','Thema','$2y$10$LAj53xOcF/l1Oi5ACJbRtOFykoad4QNTLZ661RfjW0kw1Bl6ojeLq',NULL,5,1),(818368,'Sabelo','Satekge','$2y$10$SfxXuSaua2ox2jDlM5BWheGwDTqzrWfQWUiQUBY1bIkKuhSVp4RJa',NULL,5,1),(818801,'Rotondwa','Mhlongo','$2y$10$eE/5ya/1QkCmgqdhzRxRjOqE4EapDHkvKqrBCIt.DP1oYTujuacl2',NULL,5,1),(819370,'Mmasechaba','Balassis','$2y$10$JLIwBCfywEzXx/M9rUjWquGncnPIVgnShbyzNKb8yG1FH1j13lqJC',NULL,5,1),(820006,'Phila','Kobela','$2y$10$NB6PtiRvLEixbkbXKwag5.5mgIZpPpBFGXWayLPXyH9ZPq6zQFn0C',NULL,5,1),(820362,'Mmagotsheung','Maleho','$2y$10$mfQXX6Hsp5abW3mFJgnvjemFX.YmlE/.0enJjF/uCM8eLhzq/yEnW',NULL,5,1),(820768,'Betessa','Duda','$2y$10$gxpeXM9kvlXtDTdKR7A6v.W0V6IxNS85WxFv2BfZ2bZeUaAig0sei',NULL,5,1),(821586,'Nonkululeko','Pillay','$2y$10$EwE571cw900cy8BI/Esr9u4UnegOGcIXWaowekGsW3oUI8EYT7aqu',NULL,5,1),(823653,'Mikyle','Thema','$2y$10$OkGxIFykAjgAgYDSWHs36.T/.JUnzHvZlhHfOCBHPKYGaVuD14bEa',NULL,5,1),(826065,'Tshegofatso','Mzila','$2y$10$BtxLBsSvBB2iF5Vc6aCz/OcH/itohzo8bs1bjShaFd7rENrKXBJ.a',NULL,5,1),(827890,'Mankweyane','Tshamano','$2y$10$PehWSOgk4RZafmjQErxwe.FWOoSce27AHz/l/7jZ5lARHU57JqhJe',NULL,5,1),(831851,'Bonga','Kajuna','$2y$10$Bybo5IhZDeZ7jSZLTJtXWejxCjKLxCk5TISECiKvU/0FhAhpvtonC',NULL,5,1),(834609,'Philane','Nekhumbe','$2y$10$JsayZ28XZGDf/SEFlnAzYufekgaPVpZBz3Um56I2N/C0vn5bN.qIW',NULL,5,1),(834907,'Kimeera','Mokgapa','$2y$10$S1KzTj1iFjxTGLPl.HxUBejdPgrm9NChfIDz41CFgVD/oSOUPPp.e',NULL,5,1),(836111,'Naazni','Khumalo','$2y$10$GIbmYA9ErTVnvEo7l3w08uBrQ9jIdKPlwrvLQsU2fUbEhwzvw66b2',NULL,5,1),(839515,'Sbabalwe','Jannsen','$2y$10$PdIwcWMBnff3xfs/54mbdumE/crCbHkSeSiN6Mb2ui9nglBGbeCwG',NULL,5,1),(843550,'Ayanda','Nhlapo','$2y$10$4MplCpNJgai6EMzzR8MoLeaxK.80PuLkj7eVmoR2OF0uSwa16ERbO',NULL,5,1),(847162,'Rinae','Makgatho','$2y$10$RSIsxsIrfx2qZJlhX7mTP.NUexGm21p/yklGC6T0hlkNFXftCykNq',NULL,5,1),(847178,'Raramainashe','Ledwaba','$2y$10$d5LhwddD8ASdQhm0.1r/yOK7tpnHhy0PsARHDWRy1I1dad14Pq02e',NULL,5,1),(847322,'Donald','Lerata','$2y$10$x63iDaCWcNMeQz3IJDZzaewKFhV30CXHaSoSC9xqfBvq8nUSPal.u',NULL,5,1),(848255,'Chicocho','Nekhumbe','$2y$10$HNlC9LH6GJLmyRsesFmFWuAHvnn81c1sX5kL4t7zk1IzerDDk.v7u',NULL,5,1),(848486,'Kaone','Irwin','$2y$10$5vJKTUteicx2klv5LkVDoOTmlZoMI0zi3looVV7vWy.LnXM7/qhbq',NULL,5,1),(850502,'Charmaine','Madzima','$2y$10$mj9BklUG535RUDcn.Gl2xe2UNraWthfhM94WnSVuiwT8idcH59vby',NULL,5,1),(851935,'Reitumetse','Chauke','$2y$10$rVjZwxPyERrVh/0t9EAUFel8P4AgNqYXAjah6anMd8.Xab8uigCGS',NULL,5,1),(852306,'Tiyani','Irwin','$2y$10$2mYvfRP65DjDWlDcSjVuxudPkXXRvLUyopU5ojCLRIB9iEuQbJ7Ce',NULL,5,1),(853325,'Olaperi','Mofolo','$2y$10$JvPU3lLt/AZbQyASUdXeE.s0G4FdavdG9HGsJ22MIR8VWGH7jwa3O',NULL,5,1),(855371,'Nicholas','Matshisevhe','$2y$10$KVqd6ybnCk0S8.lkYyvRYORV6iGBdzWH5lz3Reo7h0GNjm6Vdjb/i',NULL,5,1),(856563,'Natasha','Rahman','$2y$10$R7qy3Dxf4Qw1AtyNHDN6OOKA4jyXkS7XhpB0Ta..scshgsOgvJByW',NULL,5,1),(857683,'Qhawe','Mmela','$2y$10$vZswDtT6kFkA0SJitDWN7e5t4eZ3SGLHb7PFLcSTryLbug6NNotQm',NULL,5,1),(857827,'Mongezi','Aphane','$2y$10$3vKevH56BM9Lp8QZBTmtcOSWN3EGC7dPKM2e1NdGVt9D6yrHoNGyS',NULL,5,1),(858618,'Phila','Gani','$2y$10$MsprpOWPWtchVksSEHpSteFXtjhYC0/IpzrIjAFp7Hvu7TGqsaLaC',NULL,5,1),(859457,'Nosipho','Mithagare','$2y$10$g6o6/HP/FZibOR.QLs/6p.XxXUgRTdwiODiGp6TNDx6GJ0miHVAUO',NULL,5,1),(860832,'Betessa','Parkin','$2y$10$lyYogzeGiuQ1OsGZq2ZFS.HHqAUCzT5Wbmv8ge7HUYagDXDSvgGEK',NULL,5,1),(861249,'Khanani','Xaba','$2y$10$pI7jSKAzNCDiamON/lk/l.ii5BxtRLTSSSf8/BqwmJVBwgsSAg2A.',NULL,5,1),(864261,'Nuru','Vicente','$2y$10$hQlQwSJjveuhDwHy0wWAHOAS84sRWToxIDyaUa4XhpjtqveQQiRUK',NULL,5,1),(866211,'Rajohana','Brewer','$2y$10$tRf5Fr1XIZych5xMqzfbDe3gwXNPySZTuBwqH4WEdJmuDuD8glSja',NULL,5,1),(872474,'Lungelo','Bangie','$2y$10$lWUEXZzk1BiPts/5d5X0Z.LibTQiFm/HnELiM3aGGN.YX.6yH54u2',NULL,5,1),(872966,'Sphamandla','Seabi','$2y$10$R6vT559CTPB8iJUIgKgw7OFApvaSgIu12UQyW9jLZ/CPKca7bAqte',NULL,5,1),(873397,'Michael','Mabaso','$2y$10$.dS3FLNTaepkDWm8vxWGW..ZUYC4OjGIkHniBjcHl7Ii.CFlkWfWC',NULL,5,1),(876064,'Themba','Gule','$2y$10$WpFwP/vHZ.QY3IEImewO7.Y/CAFlQyBgzcIL9SL20i/fPGma3XnoS',NULL,5,1),(876762,'Shavania','Penyenye','$2y$10$qGevju1z7I7EhPFMBEpZ4.knaVevrRUc9i9rohDvkvd.ivzbOYGi.',NULL,5,1),(877147,'Mongezi','Mzila','$2y$10$LDEH3NuDdnQDQygre/Z4GevltaoIAaIXnpzVcpFVn17TEwob4b6Ca',NULL,5,1),(877217,'Mologadi','Mabunda','$2y$10$DfhsAxMr98Je4OqzfQzeH.x6aOz7zA3CQ/bNVrKRQ3yn4kM1RzCl6',NULL,5,1),(878485,'Michael','Masindi','$2y$10$BtpORgeDRhTvh7chuVnFDedRDIJnTxGNgbCwO16zZIdrtvrSb9LBK',NULL,5,1),(878710,'Liron','Komape','$2y$10$WXiaNacESr0rTUBRSFs8v.Lbbf.PQI/jjY.XHL14O16rxyWzlWqzW',NULL,5,1),(880592,'Mahlatse','Maoba','$2y$10$W.ak1C.nQVlor86mcu4GpOqJu97nl0wOYxARdOzT0CBa16/Ad3Hd.',NULL,5,1),(881174,'Taurai','Tilo','$2y$10$nt78WYhrSKNAx4AXtFqiW.bgx1Y.nzx3LuTj10ivrbIys6S.VDdSS',NULL,5,1),(884028,'Charmaine','Moshoeshoe','$2y$10$fqA4IgLtMu25YQ.2vOAqweXvIH1/8xojqnEcGdCe00UT8ATVTG5jK',NULL,5,1),(884625,'Michael','Reddy','$2y$10$a0gcURDVhzuiWlVs1F/Cze4Ymq6bOH/7yOdCvNuJrPX0x0qvaxJna',NULL,5,1),(885380,'Tshimangadzo','Mabunda','$2y$10$Aux9VTRfCmp7RLFFVcOWsOW4YrSwOh2FEpStf9nHLWoooMcDISvda',NULL,5,1),(887171,'Mxolisi','Olekantse','$2y$10$6tZALtNnvth7ADfrrlhKN.soOo4pS8M0mJ0qIAM85eTHj4Ia/JGuu',NULL,5,1),(889042,'Paulos','Beukman','$2y$10$wAHEXxZKVp4stRywsYJ/1O2rYeqN62X9HT.50yDJurxkw4ENSOy3a',NULL,5,1),(891460,'Philani','Sikhwinyane','$2y$10$q7aLZKFwQsAU2JkPBMztRuy7EFcMvmjMYUbxGbN4ws4qYSdFfPp.2',NULL,5,1),(894726,'Terry-lynn','Plaatjies','$2y$10$vMeKZo9e4NJPHV5EEfwF8eYytAfXAYXBYTsMYJsE6r2s.mnPdUB5a',NULL,5,1),(896104,'Thobishi','Nzimande','$2y$10$YTLsGMbJGocW60V5irux2eVt6xf0vLUgL9TiD/BjO6tfltJYh4ZSy',NULL,5,1),(896456,'Matthew','Sithlu','$2y$10$4e3xCjhPICvtzjmX7tMrJOCzwKwZ7HuzarGTF4ln0i7iNvfoR9NFa',NULL,5,1),(898978,'Kelvin','Noel','$2y$10$Nw0gREm43gJWMhz9nh2lL.f59qGOAbZwbpzgTy5HzEXCjeVvb65.G',NULL,5,1),(900987,'Moses','Seabi','$2y$10$dxTvrmffXZ/H/q9wmp38Me3zBit8QFegZ9k8tK5UeJYdcIZHnoTWG',NULL,5,1),(901196,'Amen','Sebothoma','$2y$10$NF0Vk8iwG7GHsKkHkgCO5.criOXlWnI.mmmmV99YTSLOsKnbl.dAG',NULL,5,1),(903294,'Siyabonga','Wu','$2y$10$UmrxF4oDD8UWEIl/VCZlzurWE0OaUFCdyYNnyyfc6BE/IP0hU3OR.',NULL,5,1),(904034,'Siphosetu','Mabidikama','$2y$10$4.DxCrzoFi5x61dZ2EUvh.8VG4IEvRuYbYD8p.PUcJzLuW16rbayK',NULL,5,1),(906590,'Mxolisi','Ledwaba','$2y$10$Z3ci92GF1cGd1VWE6vvMle/Fc.sRQseFROZW5YTQO79SD87RGvLY6',NULL,5,1),(906672,'Goodwill','Nkabinde','$2y$10$RDOhZtF74bXVAwed0mZ7D.jQjnyYnl6LL/frZeVm/c8z1t0D4IDlK',NULL,5,1),(912551,'Talifhani','Ratshivhanda','$2y$10$P9K0WKZrsge3WbhgFFNiOuGSXH3zsRyXuK9tUtC9vgG.Ec0q9l/eO',NULL,5,1),(913368,'Sipho','Dlamini','$2y$10$Gx9zXjTgMG128d55NMJ2u.M1a7QEoYJf0aaF8ZqwS6gg0BN/OvIvW',NULL,5,1),(915621,'Tiyani','Bafoly','$2y$10$iEvlPiOiNHozgGRsCRCQt.37LsTtYKddIXvCLreg3By2.6YN8mhHG',NULL,5,1),(916241,'Nkosikhona','Sikhwinyane','$2y$10$J1rN2jhtHv9hAZa8LiVh9.j1iHDpjnUBDSUwF1mVhViKAm5MMSue.',NULL,5,1),(916393,'Barabars','Tshamano','$2y$10$br79cDtM0WsoHqQh8aTmluaFXuMsOOl6dF.3O6hPDwvjvkdYp04Gi',NULL,5,1),(917780,'Oageng','Chezi','$2y$10$3PHsSZdFqIT8bduefF2MJOPo1ejU5IPnbGoZ0Yx5giARQKaOLScb2',NULL,5,1),(917980,'Mlunghisi','Leseka','$2y$10$F.il59mkHdPR9xnBW.n9HO777I/zIYRAtONBxgiDcbQF8UOXQYuXW',NULL,5,1),(918774,'Timothy','Mogale','$2y$10$98izZdLRjaKOX8R0nPV2buzyi9dNAJNLC6oGc1go5d69JNV4Jp.qC',NULL,5,1),(919178,'Erin','Kamotho','$2y$10$j31pHSC2M/w9x3uSWMdOTeY2CeVG5MXn/yQ6StXD8F8rQv/RqFAxi',NULL,5,1),(920511,'Anushka','Muller','$2y$10$IdFt9NRrggrD51ZxM1fLzeS8TMGYdW2AOeMksoDMfd9MDXXJ5i8VW',NULL,5,1),(922097,'Qhawe','Ndzala','$2y$10$gDoYYe013HwjQTEaRVdfweMY1YY7FBYVr0DM7wNoVkAD08KnJnNUu',NULL,5,1),(924834,'Innocent','Vallabh','$2y$10$fGJpiRH1hCuAX/g7u1ZgPeQabStS/WuTxDhZLkbU7tx4j3gZLZkE.',NULL,5,1),(926071,'Titi','Dlamini','$2y$10$2cDLu70PmdNcLUdA07Ir8.4p3Wh2Vd01v/SNaqE5cCGuZwm0EZ7iW',NULL,5,1),(927110,'Kamogelo','Mojela','$2y$10$SIrLfAMSY44DRIxRxd107..gE2RgfkoIWYtAg03CaCeqpMirX6DsW',NULL,5,1),(927175,'Siyanda','Moodley','$2y$10$8191G0ZjbuA00wqF2X9sYeMHpep.fzRL7ZTWkEebmQpHWyd9hQSpK',NULL,5,1),(928020,'Siyanda','Xiao','$2y$10$wPC10htWA.9UaLmYDLsZE.OcSco9ytfCU1.tAJeAatvO2Yxh2KMKG',NULL,5,1),(929044,'Thabo','Griffiths','$2y$10$.GvUWlSX8EA7hjDMMeY0aORHVn56mkmEPQB1fXF5LTEA4FG2p1q2W',NULL,5,1),(929923,'Shavania','Smith','$2y$10$2C105y7cb9edZLZyUWXXn.WAYVez5Au79qpNG2K2zWHNLd39fMHfC',NULL,5,1),(931020,'Mxolisi','Malekutu','$2y$10$hOoGHarj61Z0hVpiV7.5Ee0rD4CqT6O/.kEPQ7dgKszjQiLWuN2G.',NULL,5,1),(931356,'Joaquim','Nian','$2y$10$FawCwUih21/vshkIGGGbweF09jwhI7JV/4AEqNF8WKcTFmdV3nqnO',NULL,5,1),(931974,'Bonisiwe','Roux','$2y$10$Hkr9ErG4PrBrsF1cUisJ1ORdEG6QJ9voIqgbva1x13sh0eKCBNYEW',NULL,5,1),(933508,'Xolani','Luphahla','$2y$10$mXrVO6i5yXzeN1rdkMIlSu5zvqBH.bF8l5ryyu60lpGqhyCOmNvrS',NULL,5,1),(934486,'Bonisiwe','Akhalwaya','$2y$10$C27XjcfMHLMYfGk4.Y1/3u6viKRRXfcqnW20F2.PJxTx0e2YEXQpG',NULL,5,1),(934841,'Jabulani','Mabaso','$2y$10$8i5RhmdfFYLSGEoozzs8KOfwjJDAx0sGTl9vMp1K0U0UQNDTOCYxG',NULL,5,1),(935913,'Je-m','Kruger','$2y$10$ragNPfjEyKrOi.mxDJ1u2OtbI5Zimkfc9lkq4x1KZ.kU.0oKxA95a',NULL,5,1),(943674,'Tshepang','Musara','$2y$10$7o.m4PGhYWqPiyB7whVB9.fNyzvAzJw5DY/efNCN9ptY3KoYbAkoi',NULL,5,1),(944555,'Bukho','Malapela','$2y$10$4bdMONnmD41iQcqY/bXiyupxfzZn8GYiVGgkoA/CGfTZpw3FrblQi',NULL,5,1),(945303,'Koketso','Maoba','$2y$10$4UGiZCgj14VqDgJaSRayw.zEmzSQyjQhruZl1D5fDhh9g.FoxjQPi',NULL,5,1),(945888,'Amen','Beukman','$2y$10$5H.5RrBK/Ko79Yh/twuGXu8.9I5Lc6AWa9ih/3ajZ.4hSn0kUhx0S',NULL,5,1),(954186,'Bukho','Ndhlovu','$2y$10$Atq6K8VAaQ6c7LYxIygvNeS0JMFOEKIH1H.WsaiRMmN8OKtKuPjAW',NULL,5,1),(955568,'Shavania','Seegobin','$2y$10$.podVxIxiprItuh5cF/3RuzhS4d4eQr4PKGFVI.f7WEw0RDenbb0i',NULL,5,1),(955597,'Freddy','Kamotho','$2y$10$dFSj1uZ3NRpC9XjSq65uKuOLzeZVm1/VUAr0uZGl8QD4M4PMAnjXa',NULL,5,1),(955900,'Matthew','Bangie','$2y$10$WRtyXfm7iC9ascc7KPPl3e/oG3fe9grzQmn5CQHmonMTEWNF/UB3y',NULL,5,1),(957785,'Lindokuhle','Suliman','$2y$10$11SKJFsDL7hb9hYmbSOSWO1A4HNfT/ydwl1a1xO/LwUVru3nd5O5G',NULL,5,1),(958388,'Sayan','Moyo','$2y$10$4wJlKCHFgfSMSVUTbOVRCO0bnvO0hCKMsb6IlyT/AZEXGjAvFTPwK',NULL,5,1),(958744,'Tiisetso','Quzwana','$2y$10$FDuSlNZZ8A9ommSTLegHwuoeNZf1wRecWRkgYpNOxGOXLzerU4kSS',NULL,5,1),(961127,'Kagiso','Duda','$2y$10$Yk0uYpV2z837ETl0M6E06ueScxOpZXBPR.etvzVCnHKxkqhZho6lm',NULL,5,1),(964144,'Mbali','Molupe','$2y$10$y4E0Hx.TcehZd3pao1LDze2g436RGQLQhyGAu2lUQGOrQZr9tH4Hy',NULL,5,1),(964716,'Thobishi','Jingili','$2y$10$a3bM5Kcl0XMdO4nB3dWds.fOvEebkpWlR4ysXD5HxJTRmMdPTDKIa',NULL,5,1),(967020,'Tshepang','Lemao','$2y$10$29cCKSfRAD4YXBNXmlmNhOdmJd8xEKsz39FkQ5RvTA5i04gjzHILm',NULL,5,1),(968069,'Rahube','Govender','$2y$10$nPe50JgIaRzwi2UbzbP2yOnjzNvVWbzxmIPL0gKZfExzPzI0KPo0K',NULL,5,1),(968103,'Tsepo','Xiao','$2y$10$hlWLIwn7AMGAKGpLM0JqFewlAZYlXjUwrtS.rGrguukUU1V7lIiwm',NULL,5,1),(969397,'Christopher','Sam','$2y$10$mYC3SCyTDptBFez/xJQkQOlTRLu7csn4Kfrf/eR171zHByGpnCW7i',NULL,5,1),(971204,'Xolani','Ntsoele','$2y$10$2Lw41vOWrU5HSrtU/9joTe5MfMHzN4CZfYFEylPvUP0it5If3FIrm',NULL,5,1),(971410,'Timothy','Nare','$2y$10$rl6UP4/Sw0YsF/SIZn8nUu0DaVQhRtxmgefFWaONOCSmYO1fge1Xm',NULL,5,1),(971539,'Bukho','Makofane','$2y$10$cJYE.WBIX3sGa/Cjv.FV1.0NVE7bd5DSttUKujqzi65rhSqoKMdMG',NULL,5,1),(973931,'Jecquelina','Khaile','$2y$10$gpyJAYJTW5/dhvF8UBHDQeyQt0OFPVDXInrJ5bBwrHTZrR2RAzCGS',NULL,5,1),(975690,'Iman','Nyembe','$2y$10$u.kWCcSNaNzCKPcge.buSucoQI2WklwNadCbfMEoLjsGjP6nLbg0e',NULL,5,1),(980041,'Tshepang','Chirindza','$2y$10$O.3w2ywP0bNYg3XtK3.kVuOJ8ksqIRdzE05cw3PMj8UFok9lNlwGC',NULL,5,1),(981145,'Qhawe','Bisnath','$2y$10$cyCCtrYpV5OzvnZJCFi5keG0djf0aNYJgg63maNSLyaGYc2zE/06e',NULL,5,1),(984980,'Sandiswa','Modisha','$2y$10$AYJXLVl6hoN1.MxLMbjSCuWulxxERAueD2L0Jewnb9koIhl4SVnDy',NULL,5,1),(987104,'Jesse','Polori','$2y$10$ilwPv/wvp1.c4oalBUP5FuM240o7ADnB3jEJ04a593PL4UPoj4PRm',NULL,5,1),(990135,'Xoliswa','Chezi','$2y$10$SZvjpmkdaiARZUrALtSdnO8zTihIm5y5dVjKzyEIasLxMDBnrhy4q',NULL,5,1),(990287,'Cathy','Mabula','$2y$10$iuHVXdkOkwjt3KAi1QEbqur6c8PSnItqO1x5pzuqTbOeqKROcv/zC',NULL,5,1),(991225,'Phediso','Qebengu','$2y$10$js.0Ykj5rIemRSlsE4vo2OXlgGvQmrBhKIyKz4.qhgMX4CtIXbDvO',NULL,5,1),(993828,'Hlamolo','Ramphore','$2y$10$G.iUMdHlbqlezWMhiM04B.L1q.cNlCvO6nGFauUkE7hVOBB.qsjBS',NULL,5,1),(994956,'Amaarah','Pillay','$2y$10$Ju3j7h9YDhQ1DLSnQZ1av.5IUQv6XZqcQEU1SIVLADq3i5y6Y4m56',NULL,5,1),(996425,'Thando','Sekhoto','$2y$10$QMBsIWQsbTtPZuJzw0J9fOLh9QFYXuf/O0PWODpPIMBRQaUdVAU9q',NULL,5,1),(997234,'Mpho','Makhado','$2y$10$82EJMA1gKTpKJAR.nM4Qm.ebXJCDMAtncPwjY7Cx6u4VY2Spjl3G.',NULL,5,1),(997803,'Goseatla','Buthelezi','$2y$10$UdrkhWXq2OZZ6nUofD7JlOmBlWo9IdQ7Bm5hHD1wurQH/iXSkQKSS',NULL,5,1),(998507,'Goitseone','Mzila','$2y$10$qDt3XXDvSXieyf0EjvF1xuYSWpQaNNLByAXGU.b2f4RThzTBeUKt6',NULL,5,1),(998540,'Rito','Ngcongolwana','$2y$10$DU3gMR5WyHAPM67GOr72e.XtIPLWvkO.ujEsdh99Kds6djHKic2dC',NULL,5,1),(999371,'Kamogelo','Makhubo','$2y$10$ngQfe9sCA53s.8OUnt7MYerr0u4bcA5J1tepZxwczJKYkCvdZwPrW',NULL,5,1),(1003155,'Andrew','Roux','$2y$10$vrG.cMuZqHyR0dIepCxMX.xgkCAd98CHyEPvd9/rpedRJznFLp83S',NULL,5,1),(1005971,'Kayleize','Brewer','$2y$10$GAc47FOTzJxpHGRES1upNu44NN.5UqaoaF6gG2S89RbdulLXAbB9q',NULL,5,1),(1012029,'Tshepo','Dlamini','$2y$10$MUAEWbaZO3xRI2jL64lubegdHKx7yvyin0tdWB2e4BUTv9NmHuASG',NULL,5,1),(1012586,'Giveness','Leonard','$2y$10$PuBiv6BWJ19JAMOrX7Ndiu.y7pezUxmid/1ZSAjKIKx61mO0tv2.m',NULL,5,1),(1012994,'Mologadi','Thangavhuelelo','$2y$10$a/T3jsaQw85RuXfcakvFFe93ij9dnodblRxASWA0wwwpeo5MUOhAi',NULL,5,1),(1013505,'Mulisa','Hlongwa','$2y$10$4GkqQVwe0DKvoHeGWyIcUeT..gjaQBj3EfqmHuNK8fl45rsLIuEju',NULL,5,1),(1016275,'Timothy','Sanderson','$2y$10$qxBiqNg5fKFXI5qD8Sf/hejSzWRSeDsafaInaPYqKTpFwwom44JTG',NULL,5,1),(1016882,'Nhlakanipho','Mgenge','$2y$10$jbsXR9gwJ6.4bm4VKv4cmuAJxMiadJMBBlIcord4SQZzIOJ6job7q',NULL,5,1),(1017571,'Lungile','Ramovha','$2y$10$K6o71Op/GiH3Fl.IACYu/upZOxa/LI1Qr2nh5gd6eEJg00nT5OiiW',NULL,5,1),(1018236,'Thakhani','Nyembe','$2y$10$XNA1hsjwPa2XldeChhS6LuM1smVCeTjJNT7BgNh4K2Qm5P6ziG2Ke',NULL,5,1),(1022261,'Yamkelaokuhle Elliot','Tilo','$2y$10$BGpGmXdV2j9eboZz7gREKuWcS7n0CVl7fnuhDVjPWLvMAmP2CA3PW',NULL,5,1),(1022711,'Tshepo','Smith','$2y$10$8HRy2QvmDcWz0dxuxtrCwum8TEhWBm/YsKsB7dt5axzQLQi7QxYH.',NULL,5,1),(1023193,'Walter','Rantekane','$2y$10$kejtoZU9uB29ohU8KEyjq.Vg418SnDiJepKWiJzDwyzV7aRitxv3i',NULL,5,1),(1023266,'Tshenolo','Moditambi','$2y$10$ZnUz0pPFITO66NSqgMF35OVzYcgsLqqIornfbr.9JUE7sqF1.Qon.',NULL,5,1),(1024261,'Khumo','Ravelle','$2y$10$USt1CylRbNPgqWvWF7HHa.5UIO8iJ2ZsMGboFJVZDgOu1IBdqTEzO',NULL,5,1),(1025196,'Sayan','Letsholo','$2y$10$s4Vp6myZBbVLYn72fzO8hekKX1KSsfLzZvOFE7QYQGytWGEo5PLk6',NULL,5,1),(1025483,'Anri','Mathebula','$2y$10$9V4JAp8zCBc/ir2ogHDvvuc3euS2NBWHGTLVONgDYFIQrUZQYWBh6',NULL,5,1),(1025925,'Rodney','Mmela','$2y$10$hHr18gXVa4vwlKmBm78MK.iuhZfuvSfTOphCbNhO/0NWX5X6cHrAK',NULL,5,1),(1027569,'Anri','Ntjana','$2y$10$qoBxsbnWpf669P4RRw8CG.UvgVv/xf7asAPaiORt.DogJIYxBZVrG',NULL,5,1),(1030977,'Nicholas','Plakas','$2y$10$7Ftfa3/v2qhn87zb1d2EGugrEG0PEpiJM500DKUCkDqoVbJI6pKmm',NULL,5,1),(1034616,'Mmasechaba','Mohlala','$2y$10$EE.NzLrc9vpBVo854oxFWup9qaEYHfgZIyiCcgxhUeFJ7BN7rKC.q',NULL,5,1),(1035082,'Mervynn','Mabula','$2y$10$ymTkFVWxp8U.9q9dq4sHeexqYYNUdzTpsLU12cM8mo6v8ot62A.f.',NULL,5,1),(1035555,'Siyanda','Letageng','$2y$10$7ZSRM8ycOm7r1j2oIf/9U.cnXQ5C9HEDNX98GvuG.Js1loSr5y4mm',NULL,5,1),(1036988,'Ntwanano','Mabidikama','$2y$10$ppVlrFl82IEtDA5PpOQaMumBBU4kH5/ymA1s.vzMC7Q4cbJrizbSm',NULL,5,1),(1038592,'Paulina','Thangavhuelelo','$2y$10$S4U743zKzpcfsFBgdKKLNuo6SBRDOb66.XdYUiqxzpn/aETtwYJ9i',NULL,5,1),(1040918,'Katlego','Mopane','$2y$10$eRereDAURXivN3gX0tcHZumHBIf8gaYARBFt3OiKhbjpldu02hT3e',NULL,5,1),(1041146,'Donald','Swartz','$2y$10$LiMt7RyG8ypbHUH9mc6ZSuftWPR0dYNPlzAn8V4dcM4Jxwg/HbNcW',NULL,5,1),(1041589,'Natasha','Singh','$2y$10$Uvm6hbCEHBpx1jgvhFXnDu56dNQ.XcAsHcUudnRyBOua5vru/G.SC',NULL,5,1),(1045007,'Bo-yan','Khumalo','$2y$10$YjvtRf7tcRJXnmAiObtjp.xGllRezdUv6N5YUY7hpJqUGz2sL1306',NULL,5,1),(1045259,'Ephraim','Mthembu','$2y$10$5kH7zwEJOvMjIXMufc6KveM444ANHfHYrIBzlbiRfcv8bwiuLyWAK',NULL,5,1),(1045516,'Tinashe','Leonard','$2y$10$KnEwg7C6J0N.J4CQoXdii.OYg1WaS0aRsxArkqmDuWnu/hYx//yQu',NULL,5,1),(1045665,'Tarryn','Ncube','$2y$10$n2javbqFGPTZlrPN3yshuOleL1nNRN1H55fsEQQUy.ZZPfMv9aS72',NULL,5,1),(1046999,'Innocent','Seketa','$2y$10$3XucIkyAdxD.P7743UROGuGPyiDSjKtkTzIwoYUdZ2H.dBH0iV.Jy',NULL,5,1),(1047585,'Siyanda','Ngcongolwana','$2y$10$oqw3NrzhzzQFL/u.saReFOH57C3LKPkT5FaaRwejX1B.bHujeutVe',NULL,5,1),(1047861,'Shavania','Khwerana','$2y$10$lbJ2vwLhl1fNxtGbQzLd3e94uE4Hvab8DY/MZ6Y3yqSsHkD7wQ7UW',NULL,5,1),(1048823,'Nthabiseng','Parkin','$2y$10$exHnMEg8uYHctUxjLjhpi.5fYX01tebYR0.LBpRICRS.jxxZnbSF.',NULL,5,1),(1049453,'Zwiada','Ngwenya','$2y$10$vDBjjp.W7NbvwDXRn6L1H./q4QCz9ezF2TCtLmZOKnSXzDqohXqK.',NULL,5,1),(1051266,'Inan','Dlamini','$2y$10$XRte6NxJSwt3w4uiOtTwg.xK/8YMZW17VwhZlxPcgRq1FzcO6Wz5S',NULL,5,1),(1052723,'Sherpad Giyani','Sangweni','$2y$10$v/g4UaUn94zgISErzgqbWeN33RMJJkeXLP0gSj.tAOP5y.N7b2buC',NULL,5,1),(1052742,'Anastacia','Mabuza','$2y$10$OGBLmOKnZivUyboGAOWLb.nngVCvr/AeHHqPrqS68NoQwuhjLJxFu',NULL,5,1),(1054107,'Katlego','Mabetlela','$2y$10$NkyGC1W7SavE.axpLBuVV.I9q9IQ.Jk2pLDvMeuFhbvNFukl48drG',NULL,5,1),(1054464,'Kyesha','Khaile','$2y$10$W11dR/VNtAeOAvw8QBeSROKlrEqDuKI4GH6uNQn8/L57txobrUnHi',NULL,5,1),(1055262,'Kerina','Ramnarain','$2y$10$wzN8U9CtBqXsXoqkWMzbyeJdLQUyOyV5GIotSZbiHCQjZF8hsv792',NULL,5,1),(1055924,'Dimpho','Xaba','$2y$10$uKqeCl/pyuoQ/FUOPa7Wpuk1uJJD5E9D4Yeb8Q45VJ7KdCRYedc8C',NULL,5,1),(1056032,'Kabelo','Komape','$2y$10$l3DdUTKDjEB4szSI72Qh/.UccX1ojYh8X46UiJFM2EBdlOfMaWLVi',NULL,5,1),(1056292,'Khanyisa','Nian','$2y$10$hAA0vufVAaMyZVTF0z8tyeEROhwaYbqc5dAY6PF3AL8xrCxy78xt6',NULL,5,1),(1057400,'Karabo','Luphahla','$2y$10$BirJapVitSk1B8PFYs38eukFNB7XJnORo/eEQ6cdM/MEerIYvZw8.',NULL,5,1),(1059492,'Noncedo','Dube','$2y$10$frGlm2sfZK/AHV2vLtLR6O3Tp97xyrxSKjnqPYMxfFiew100cJpni',NULL,5,1),(1060071,'Tiisetso','Ahmed','$2y$10$SW1jWG1ZrVxuy7k31hDixO1IWBCiw9eQglPgoVHQw0CyzzF2p5p8W',NULL,5,1),(1060101,'Imitha','Ncube','$2y$10$lSMqikyLl8zeVB4SYmOGz.sS2WX5FdSjA2JvOgToY820SQdWWWzVa',NULL,5,1),(1060475,'Angela','Seduma','$2y$10$d7D4.XTNT9.b9tfB0KMv2eBPWHRT/AiPsdsbRK3ZUtFE6AM75chci',NULL,5,1),(1060816,'Thato','Le Forestier','$2y$10$MtKOtCWy7RJNYQ/bS.J14u73Dh.JN03NMOms5TKWbcjbCmJy1Lhf.',NULL,5,1),(1061278,'Je-m','Govender','$2y$10$BEjvTImbu6R9ChQK7Mp4yuwa3LQE1iPdy.Fu1zDdNnGvYIMYKmNTu',NULL,5,1),(1062250,'Khanani','Mazibuko','$2y$10$mIKF5ZNZuTxaBL/qlO1LTOqvlx1Yy9FFMCHo.Y25AyOWhLm3wpdLi',NULL,5,1),(1064870,'Lesibana','Mohale','$2y$10$FhM4Pe3p3HnEj.ktzIdAd.haq1WbMoPFRQz1m18TX4R1XTsF8Z2Mu',NULL,5,1),(1066559,'Ziyaad','Skosana','$2y$10$KA2PbdPxfbwo/X6XnEM9RuE38/7wv0I.7bHsCaWezMUu6trycCjIS',NULL,5,1),(1071736,'Zwiada','Manga','$2y$10$EH1Mz.5ItVuSpdgssXNH9OUHZUJUWbZPQ6rTQ/OupiT1QMSoOCwfK',NULL,5,1),(1072862,'Nkosinathi','Mti','$2y$10$UJwtBCy9Sj4kpXijOGJ8suDIYljdZOrRcVYuZxqX8xgoGITbkB1rS',NULL,5,1),(1074786,'Martin','Maleho','$2y$10$8HCX2A793AMwdhZ4OLAfEOeUHxEy9u8eRqM9OoR6rdR6UNP4NYmHu',NULL,5,1),(1075064,'Khumo','Khoza','$2y$10$IkE/55zG5fyQk5uoiVQqHeaFnASVF4JmwRj85txydNXEk/i9thGR2',NULL,5,1),(1075617,'Mulalo','Rikhotso','$2y$10$DQCz.0/qqSBYAdaw4gYIHu4p3TECfDCUkE8SocSAt965DSWci5yBC',NULL,5,1),(1078553,'Tsepo','Plakas','$2y$10$KcUV7FReq7Xhlu49/SciD.4quFX0X/WBFAT0ry2g7j0M63UCeB5vO',NULL,5,1),(1079923,'Ioanni','Roux','$2y$10$sGHaXNhRQcY5a2izGtjVqOnAaKbFhGRy3783THh57l95I9psHJUem',NULL,5,1),(1080673,'Bohlokoa','Noel','$2y$10$rDTiwai7LyOhug5kXXuLOuNZNpQxJ2HF/CFP3lil0dKuVdiRoVgBa',NULL,5,1),(1081902,'Musa','Brass','$2y$10$/K1RFkc1GuLr4RSdNyqyR.goSfI3SBnCErlut2OxqLSsZwXS3Or2y',NULL,5,1),(1082827,'Rinae','Mabula','$2y$10$s.IQ.Xl.iuy9OQQ5jm4Nl.hApaTt3SakY2d2yFg/xn7ewefmVUFmi',NULL,5,1),(1083413,'Thabo','Shongwe','$2y$10$ssWXBsccFEjW1G6HvLO3TuxSxtdtUnQSF/e10vAmj8Uh304UkP2lS',NULL,5,1),(1083510,'Karabo','Nzimande','$2y$10$aQYSy9rhe9t991KenlRq.ORhCasf0wY.AVRa4vMAqJG2cV02LsniW',NULL,5,1),(1083707,'Siphiwe','Ramogale','$2y$10$Gcw6qqWNXlX0Iy.023xcG.f/3YaSDUebz.6.239zlxIm3gSgN5ODe',NULL,5,1),(1085354,'Cheryl','Matshisevhe','$2y$10$9kKUJwul7ljWbU5f/ZyAmeBXP9KRxFPPkdshMDt298hCQGrNmIZFO',NULL,5,1),(1087286,'Vincent','Singh','$2y$10$Gqe86SlBWEM8nawojLubte/wBO7JBbpXZLwNaIeagyIQN2p3aFDxq',NULL,5,1),(1091472,'Masego','Makgatho','$2y$10$1NKa.TEmbuy67GAbQOHxZe1ZHClDnkYZcaO/JXvvWBGZKrMQ19XBa',NULL,5,1),(1091802,'Sabelo','Mothobi','$2y$10$7rTUJNczmE7IHOonr0gPV.06iXkSK949a9AG3rO2mZ.PAE5IisQj6',NULL,5,1),(1093995,'Daniel','Mpofu','$2y$10$pGHXzEXJIpo9us2k.y0Cf.HRHferirBkJsjda02VN6aWMR9zAZ44y',NULL,5,1),(1094896,'Tsepo','Thema','$2y$10$saRufnPF./DeDvvo5bo4u.bSdt.kxUi/3ZjPPlNIZq9AQovtXDFjO',NULL,5,1),(1095624,'Kayleize','Buthelezi','$2y$10$uyehiBwYgv/nCbvPCUMqSeyXcXBANCpc2HUPSd6piSmIiV.i05Q5C',NULL,5,1),(1096060,'Nhlakanipho','Ballim','$2y$10$mduVlRR.aDb93KOvLi70buOK71PeeY72P7X4MV2HP.BlyAztgt8N.',NULL,5,1),(1097532,'Nonkululeko','Suliman','$2y$10$y30uDNib9S6FeBA8a2TYMuPmMacJ6Wyxul/ad31oVdfzA7fs7gbaa',NULL,5,1),(1098418,'Jonas','Maseko','$2y$10$pkeJR1sPVVPoMT11zsK7s.5K3FfgBEaTYSVUBmb4T6toFYlr638VS',NULL,5,1),(1099969,'Keanu','Bham','$2y$10$YMWkHdEc1/FcUhKWO6cbuOKFnBAfQpD9lCrJseMZm39yrBNv3Tib6',NULL,5,1),(1100693,'Leseli','Thabethe','$2y$10$.glJ2cOjNxLevg4okFA8ve5UCmIMVO/Vrfqzl1G0Yhf8VN5JSgMR6',NULL,5,1),(1101415,'Rinae','Mhlongo','$2y$10$52T6SLJhC8fSTcetI874ceLgB1tEsTUM0.Q5uuOeU2ihbikj/jDN6',NULL,5,1),(1102482,'Pranav','Anastasopoulos','$2y$10$LE/D76tJWUciedJ97Zr8lOlUTCu2rN1JuGbUqZlabrRyXNFWmncy2',NULL,5,1),(1104145,'Mikyle','Bisnath','$2y$10$4353QLkLuTMcZzYs2saXQuyAuc/EtDM37JDe.4dvlOKxIi3ecndA2',NULL,5,1),(1104245,'Tebello','Mbeki','$2y$10$oInJdyH7ZQasN7opZHCJ.OR1n37jRpqcKTlKFLkg9tngaxb3yiSI6',NULL,5,1),(1105038,'Innocent','Moditambi','$2y$10$eq3nIclHbN6Doty0LQ8aT.anSLshq1SKepdZFauE/3BeyGBSDxARi',NULL,5,1),(1106359,'Goseatla','Nzipo','$2y$10$M/deOzgyj4H7TLd2gGX0Lu93FO/1gG5aK9E3IUmftdCJwIAwXt.qq',NULL,5,1),(1109477,'Mpho','Latakgomo','$2y$10$Ib1AObc5z9vLVCsuWPNRL.92M/EekG6u.XhnCS0r3yBX/WPIQTZ8y',NULL,5,1),(1109995,'Christopher','Olekantse','$2y$10$3VqzFw7fvLh.bFImx0YaC.ChUk0NKSSnUZhVuYLfQ6PepijGWcpru',NULL,5,1),(1111603,'Tshepang','Minkase','$2y$10$V4joR4YPd.cQIMvqyGSB1emrABrIAXjvaN9krdkoQx3el/vfpIhlC',NULL,5,1),(1111846,'Jacques','Letsholo','$2y$10$H.gMz9/MGWnso3VC9TtRoeJ2GElpgS/6QnSM8FzTnCEU7YPevTcmm',NULL,5,1),(1112158,'Musa','Khendle','$2y$10$utib8bkkQjC8CIoDG7VP..3wk6Q/Rb598CMB522fmj5st1nDpnG5K',NULL,5,1),(1112376,'Caroline','Plakas','$2y$10$LngWq46h.lH.f4OlTgaRHOesyfr3aemAe9/Fwl6dkIgwMjGGWYdfu',NULL,5,1),(1112848,'Philane','Beukman','$2y$10$N3pLdFpHAojh98iudzbzi..W4.pftc0Q/wpl7ehsjpXJEEvTL494S',NULL,5,1),(1113012,'Katlego','Griffiths','$2y$10$eDtl6JA7CM6aRGSmdCq1ceC2m0EncLm4OnGYtvm0n.zxU8owDztmO',NULL,5,1),(1114141,'Philani','Gwili','$2y$10$DFDXYAzlRo8MzVZ8qfhBgeMvLt9/wIfI1gpKvPQkE9aqDhzDxrDUG',NULL,5,1),(1114525,'Thando','Aphane','$2y$10$HHqlGdSKiq1.GWElT.Em.eYt.UjkN3Pb/Q1BC5tJYgL/u2x1ANdhu',NULL,5,1),(1116033,'Darlington','Roux','$2y$10$u2hcSvFQLUbADO4HwbH4eemDY8O2lSGhrBglsQ2oDZcjaeK0j2xTm',NULL,5,1),(1116633,'Sisekelo','Leonard','$2y$10$ViHQ3l9snFD3KaHq6evYRu/ayJIYvbXIcuF3w1I04H8GSYhIi0/tW',NULL,5,1),(1116757,'Tiyani','Patel','$2y$10$ncvf8JH9Qd80GHpKC.INP.WwRdTT3PYyZKRb26Yi22DAnUC4P/xkq',NULL,5,1),(1117265,'Moshabi','Nian','$2y$10$mrMcfeb/ImgkLjAiV8/u7O78dx7vAQCoLIno3GnOVbDdTbO4EBARa',NULL,5,1),(1117457,'Themba','Manzini','$2y$10$MwIgd9zRpcUHRfLYz4Lcz.gkPry6Ue/Cvfv9DKXWXLBgckhcVRry2',NULL,5,1),(1117520,'Nyikiwile','Khwerana','$2y$10$UjAjaeki1/Yc2PlqxqD5IuH7WDWxsSBU1i2wLP4HZgfrZ4oZvI40G',NULL,5,1),(1118253,'Bhekamandlenkosi','Thabethe','$2y$10$/XFW0oMe8qKn/FuLagOAReIi2Tg47Y1N/vFtKUXCpTjFsziU.2ZUy',NULL,5,1),(1118354,'Vanda','Branga-peicu','$2y$10$EFzdU5gAc/YnAqwhVcOh7.6DaB5xRubXPZq.S.Cr2vsiDq6.LicpO',NULL,5,1),(1118977,'Rito','Mavimbela','$2y$10$136hjhLmPZb2mApKugQHG.ucyxKFC1XX.ur5dFfDC6CKEy13is4ou',NULL,5,1),(1119346,'Terry-lynn','Qebengu','$2y$10$T869r6mdwST1lei4LigcXu9FAlbNgPk44BOwB1CS7jfQVE/WfocM2',NULL,5,1),(1120257,'Yamkelaokuhle Elliot','Moeketsi','$2y$10$RGv8iV8krBKB7LxFyJWbzOaweh4nbAOgg2Xt4QQPu/O9XzXiF.15K',NULL,5,1),(1120811,'Walter','Motlhale','$2y$10$6t0c26ygZZ2FFIdDk6dudOa/Cn1bWKu1dF9N2eCeVPPWwbOjeEGHO',NULL,5,1),(1122223,'Elijah','Muller','$2y$10$aVFf0XYgE8WUe9LarqBGiuVtU3RjMwU9e7nRcKDKeizOCUQK37MwW',NULL,5,1),(1122850,'Bokamoso','Mbeki','$2y$10$H4u2STZamUMbr//Hx2keuOj6.3EnyDOhJmP9R1KYCydml9txyb3SG',NULL,5,1),(1122930,'Siyabonga','Nekhumbe','$2y$10$nwGel.lycHesOqYgtZvx7erA06ZMm.VLibJPuXRcZ3Hs3z2R1BYfW',NULL,5,1),(1123822,'Sarah','Coka','$2y$10$3MAak8OD/CUm.vwp2BbRFOMYQWDEa8yj.zIyiDtvJqxl4LWL/SF5S',NULL,5,1),(1124483,'Mxolisi','Mofomate','$2y$10$phv2buqHk.uz2Ep5gRJAv.vS9B3CMEy4tKtnZmeC5WLiaBEoOClte',NULL,5,1),(1125062,'Masego','Mithagare','$2y$10$MiYMRvvBvoOxz4G7gw1CSOyTiz5HhggT7nqEe3y.umiK5ozJa4Sjq',NULL,5,1),(1125150,'Rishan','Dube','$2y$10$W714jixPNGupg4gsfV0RJ.SadRrKaxs5pQhMf0hPRECCHB9ZfFngu',NULL,5,1),(1125552,'Silindile','Malapela','$2y$10$EbssdNxAIJLPr5pyy7S5W.WBlrJ3ScQSk.pAYMhYu0XQ2CgtrYpEq',NULL,5,1),(1125913,'Sphamandla','Bafoly','$2y$10$Q19Sk0ibNjDbLWrrT.H4dufUIWOOG5aEYZfL1Iwy9MXB9oa5fQByu',NULL,5,1),(1126231,'Kaone','Tilo','$2y$10$ygIHA9klpsgIa9f7oni/3OQC6LKXwE6q50H9dXvQdo5oerx6.bT9q',NULL,5,1),(1127560,'Matthew','Moshoeshoe','$2y$10$b5aSzciVV7i9X9hH2NBHvOqIqTO5N9TdofDtUZNapdkaSABDeEc2.',NULL,5,1),(1127602,'Kagiso','Peter','$2y$10$ajuaMpTfIGtPKYKwqRzNeeZiqmdnqDyqIXeVWkmRwnwQv0jfGELx2',NULL,5,1),(1130896,'Goseatla','Motswakae','$2y$10$ea7322nUZrUd0BVGvpyj4erBM7xRn9zOmoz.WbaCFU/3opxwsx0o6',NULL,5,1),(1131108,'Mxolisi','Motjelele','$2y$10$kJh7URQqpVli2mqS5XtkzewRL2EfL7XGrcXOjcb2uovLC2JL9.PBa',NULL,5,1),(1131414,'Kelvin','Hlungwane','$2y$10$2TKj7/ZB/Lz9bsfWWJ95yuY7EK2GuemFMtZr4xyg5DX6eYG5tghki',NULL,5,1),(1132112,'Anrich','Makgatho','$2y$10$LALbA9so/LxBYrokhp7jlu2ojyyK01X0V3kCUXvd51jtZLnJzFaoO',NULL,5,1),(1132312,'Sivenathi','Wookey','$2y$10$mBWl5/m8qdmUQGRtSMcqGux/l0T5d2aN2XuIP/FgZ91QegAO49IsK',NULL,5,1),(1132834,'Kayleize','Mothibe','$2y$10$mxBnVF6dJg5qFz84tc05CeVhVU8w29JNKuphqLxK71inoOiAXUKAi',NULL,5,1),(1133556,'Alexander','Tilo','$2y$10$/xr.OgdkRdvZvkHKZQpP7Ov5zwD1XrFZ3XhSPhnc9wyCzy5ZQKG2m',NULL,5,1),(1133758,'Khanyisa','Ramnarain','$2y$10$WNPtYJ4lSrr2w1UQiezk.u6FaO8KgNbFnDyJRVChhNtQlCSgozXA6',NULL,5,1),(1134351,'Arinao','Tsagae','$2y$10$CEKsOsu7qFxdM5le4/rvOeYc72jwSPVzoqWXizXhAOGOx7n.n4i.O',NULL,5,1),(1134837,'Mayibongwe','Fokazi','$2y$10$isAMwgpeS4Jlzvu5Goz9LuGbxy48Fu7wd8ss/7Mg4FFildyT8i9aq',NULL,5,1),(1136570,'Sherpad Giyani','Malekutu','$2y$10$vj6/uGBVkur3jqV2FDHeBuq3pmBBpLPrDL2TDEO.ZIUYa0Y8r4V1i',NULL,5,1),(1137064,'Tsireledzo','Van Der Spuy','$2y$10$sCRFfn3LiNTPQpAhCqnueOPUUW0X7ZYEdFStnN9W7QNp298Fo8wee',NULL,5,1),(1138291,'Amen','Ngebhe','$2y$10$/9Rmh2gxNphk5QXTFIq0Pej1E.iUS3sC8Lid8WevUVa/LqlSZm5RC',NULL,5,1),(1138427,'Shavania','Mabunda','$2y$10$FP3KDWLStOS/8r7mkKb2K.vQrw9F/WLx1fGuyKK8lcHO2xRnrW3xi',NULL,5,1),(1138910,'Bukho','Plakas','$2y$10$HmaKUir06xfVNT1nWmZxAOzzx3dIZkN85R0udPF7uAeV4HK4stT62',NULL,5,1),(1139305,'Bhekamandlenkosi','Le Forestier','$2y$10$1YdklhTKE958EnZsqfYt9uyzhfMli.4Yn9lsdRkvLwcPlKJ73fJOC',NULL,5,1),(1142767,'Sizwe','Ndabambi','$2y$10$N39/blnQCrhNL2w9TweGh.c14YpBtAQQ/DaPDI8V9QrdzSfqe3XCu',NULL,5,1),(1143736,'Khumo','Mabunda','$2y$10$Xo49SU.1pa77rXNYP.S0z.DmHlk8HMbo2Un4EzGDN/F2pZX6U.v7W',NULL,5,1),(1143770,'Xolani','Mthembu','$2y$10$a.LLa/g2vhexuz60zMHc/.jcBYrjIWJieosHmF56Uwnd11EM47Tie',NULL,5,1),(1144921,'Arthur','Mangera','$2y$10$qPvnaIuI19d.eT.sz3jlT.J694SMsZdF0frLzHOP3Op5y3WTR62NC',NULL,5,1),(1145749,'Mmasechaba','Malapela','$2y$10$qAGTkdcg7gsO//cPtbd1Tu4XqnZjEz5IMABnKkd3zL/6eqHk5.jHu',NULL,5,1),(1146588,'Philani','Katzen','$2y$10$52l2.iPdhqFgfe3GwAcHMuobdG4jt5cnG9Qmc571EwGzFqmewqUiO',NULL,5,1),(1147829,'Nasiem','Manzini','$2y$10$ZUZ5W/tO5rCu46dMU9fLxeeUCV70sNFNKvjVuSwrhLgp48.V/F7iK',NULL,5,1),(1149259,'Babalwa','Mguni','$2y$10$P12HpIDP8NKMVnwgUjH2HepogfQrq3DzoSKPeHkQhAlV2BHi3cVSC',NULL,5,1),(1149303,'Darlington','Qebengu','$2y$10$yvRT/uhA3Brfi2f5XKlQ/eCDp8jDaT0KvZu8u29SLVEYEdVH9zqmq',NULL,5,1),(1149972,'Tshepang','Marubini','$2y$10$n5aN43ZaT2ocRcPhmdEU5.8FVppYNh53VrY7QgwojirUOs4nhk/eu',NULL,5,1),(1150532,'Michael','Ramovha','$2y$10$f9ABeoRbDAMY2Mg44csJ7OsOhxkhpZHtQwxogvEqf7.r4xLmOqCCq',NULL,5,1),(1154163,'Tlou','Dlamini','$2y$10$wQEygFqTERkwAnM.HO1AFOZgJUFR1h5ikQK7jTCYjGLIMGvExLD9y',NULL,5,1),(1154953,'Dino','Mathebula','$2y$10$aPOjisB18omelo9uwW5k4.8ArPr3khERqx8NkFGtOWDMstPnKLAEK',NULL,5,1),(1155080,'Zweli','Buthelezi','$2y$10$sfymsEYxt6K3Wd.hyTN2o..IPF.V9lzxFL.WFqrx8rvqZSDCr0H2K',NULL,5,1),(1156546,'Koketso','Dladla','$2y$10$3qiKd3QBRPzf.pVzGNKGoOiXMc4ptAGhwD93gP59faahIkJ4xBRAi',NULL,5,1),(1156761,'Sisipho','Modise','$2y$10$GeklZE8E.nsRyVZGKiRzDuic1eioCbf2vAgA0mCSo4VBhCHP.TCR2',NULL,5,1),(1157075,'Donald','Quzwana','$2y$10$CUDB/3bwp3K9YgTyK0W1F.u0ZzPLYywHIhVzm331MGO0WFeeXuHgu',NULL,5,1),(1159194,'Tiisetso','Molefe','$2y$10$mPT8EfCRVj59zRh9m.isk.a7Sbu46gxOfMTzi.pOA8xyhYpDoSfKK',NULL,5,1),(1160170,'Kimeera','Nhlapo','$2y$10$p7R2lT8gBc.Cc1bXRc0mte9ImoRKzSeSos8GLNDm7Ol0eLOLO9i2q',NULL,5,1),(1161166,'Gudani','Maoba','$2y$10$A2uGhTrqZxITU/7RR9Ij/.JWTgzGx5rjryZ4D8/rEw9/JtqfqWnue',NULL,5,1),(1161673,'Bawinile','Akhalwaya','$2y$10$44QMJ6Y4k9QkuMExxJo8pO1VRAdzeYU5yQnJCp.jCYBDMSUvAm.s.',NULL,5,1),(1162847,'Jeremy','Leonard','$2y$10$yzLr2Gt0SXs/txB0p/F96esPjyyWX.xapDRIZpmUPEHTqlsZGpwJe',NULL,5,1),(1164377,'Chlo','Ngcongolwana','$2y$10$Su6JQnHJqBYfEq8D90Qz9OIKBSwcpQ1quCzh7ZIdy.I17N0qtv.DK',NULL,5,1),(1164520,'Sifiso','Molefi','$2y$10$UJVJzrdDhTIwtqGTvqUrfO9dzCEZqSqCPGlm21PDN2DS9af4KVISK',NULL,5,1),(1164728,'Sabelo','Mohalakane','$2y$10$bfaOCKDSMXryRT68baHW9OteRYrIrD.7cUJvNoDFPzJPUrDIj0NZ.',NULL,5,1),(1165380,'Je-m','Shongwe','$2y$10$ftHKPc7XRwPF//86GTQLN.O1wbzXcAUYARg31KYlyqqELsaPj/bge',NULL,5,1),(1165621,'Koena','Mpofu','$2y$10$WkjGiw.ghTtCZPhwkdbbCeKCc74hhPMi6FlaV7IeolK4yuDwB5IHK',NULL,5,1),(1165630,'Koketso','Sorore','$2y$10$TPRAYNKfDsVssTphEXfREeKeHJj6DPpRhSJY5LQjkN8WQTLOqo/6a',NULL,5,1),(1166561,'Michael','Leseka','$2y$10$r5JjN6nffsaGyYvjbY01muXLwmzBFnJHYpMsnIcesi1zgH0FP9TZa',NULL,5,1),(1167281,'Andile','Mokabane','$2y$10$uK3GDi/ptPbOSkO0ivs7nejM2u28n2qdtTgQIfjTIqWFrBS9d0EHa',NULL,5,1),(1168923,'Sithembiso','Nhose','$2y$10$4/rNiX3Ileno59JvFuKUK.bbi40Qkh1HWFlgCWHMRA274mjdYzec6',NULL,5,1),(1169044,'Mokgadi','Leonard','$2y$10$vor..NpmTzNRx7l6SulxxuqNnpotVUP0c.qKz49s3hRkK0Me0qs/O',NULL,5,1),(1169516,'Nothemba','Gomes','$2y$10$pRfZSXNOW2/xHv3tuO9p4.rug8O5lAXxYGw4wYQHv8SJz4rUGSAYa',NULL,5,1),(1170228,'Max','Khaile','$2y$10$QLc9Ez47xnDLK2zXCeBDEe0KAB8rPo53CnbUv5/G0enI.OEfa4Rlq',NULL,5,1),(1171043,'Ian','Mathebula','$2y$10$qukBC.eTUubcv/pxLMDvQuje3AVP5yHVun6dySKamGOcNcYwil.Oa',NULL,5,1),(1171563,'Kelvin','Ollewagen','$2y$10$n7AGXzqXr.3fMpyk.zg3meFcwDsDopMz1Uio81jJ3M7IwAYD0uBxC',NULL,5,1),(1172569,'Keanu','Sam','$2y$10$y2Gb2V1TcdujLp4mH.xtm.bltWuHQgUVNYRoqfYe1y7CxJuPT5cw.',NULL,5,1),(1173472,'Ishmael','Alter','$2y$10$jazDkUjbOtK9d8TReQrMdeXe9dbDq5WdVmqfT.lx5DPCVnDzLUDs6',NULL,5,1),(1176304,'Thapelo','Hlungwane','$2y$10$9zrZqClH1.W8zbSKgNSVsuq/yQIr1y9h9qaV4BEKAE1Ls/T5RLDsa',NULL,5,1),(1176676,'Pule','Moswedi','$2y$10$zBfo2dSa/.c43EqQ2aoBgu7vO9qzzdY7ImcoyNSSQ9ls5QE.4tSiO',NULL,5,1),(1177235,'Roman','Chaphole','$2y$10$brvDoedlO/qDu6tUsxwNKeTBTEPvG4mlwnteG2eL7i2GCnvxg7F2O',NULL,5,1),(1177317,'Babalwa','Madlokazi','$2y$10$ahioNUifPcb..pHcKPHNT.4aN0TTuHwXvGtwvn9tHKqloM54zty9S',NULL,5,1),(1177853,'Sifiso','Malatji','$2y$10$XLrFTmwAx1Jj/xpZyuOi5uoYj98YSssLhf/Td/vZ.0WU6aJu5lvQm',NULL,5,1),(1178249,'Dimpho','Gaetsosiwe','$2y$10$bRmRXKMXeVx2tKSkKUqzxeX284SuFUKJ7rrJpzhrzCbg1UJJ6tr8q',NULL,5,1),(1181280,'Innocent','Malekutu','$2y$10$misK51R0BL5GU0lcL6IlTe7b5gVORekYs4YrjxVPqGoWzKjNS9ZDm',NULL,5,1),(1181283,'Olwethu','Monaisa','$2y$10$4FxljAZ2HwgTvyXB/hvyBewd4E///AHDfT3NXs2gnpdv62TH8JPbq',NULL,5,1),(1181614,'Nosipho','Malatji','$2y$10$hE1yLgw6uB2Rxt7qCVQYuO/J1IGb/JZHurQIqVSGDSgsKrOQFeccq',NULL,5,1),(1182425,'Sisekelo','Mulabisani','$2y$10$J6w19tkmKjs80zjhljM66.jfP9z9tXcBRwyPcedVLfHhjQg8Opyki',NULL,5,1),(1183913,'Pule','Somacala','$2y$10$ntUNumtmAzcBzmFed1a8eOk1yjnljxbwm85sbwUiOiqEdGGHC94Ju',NULL,5,1),(1184897,'Collen','Moeketsi','$2y$10$io3WeAUpq1L5WG9ETq0MauQx/zJgqoJMh44Eb6kOldJlYEs.NaatC',NULL,5,1),(1185064,'Sthembizo','Ramogale','$2y$10$33kPq8uxvleh98VsmSNO9e8r.beEdxENbGjgWR4bLpq8h96/gmRnK',NULL,5,1),(1186905,'Nosipho','Hlomuka','$2y$10$6paD2zZSuJ51Ode45seZlulso4X5C7QLM1zA.bz5jmvV3Puo/lbK.',NULL,5,1),(1186993,'Katleho','Hlawe','$2y$10$WQZH.Mp49b9c5N9yEVpmuu9qnCpuyCIvk.hHoXz4KyB6Gi2kSKmYe',NULL,5,1),(1187872,'Neo','Maleho','$2y$10$hu.GfdVGyZuZ8CkBOweV6.REllOqY0gg3qHlPxUN5YuNBHuS10C7O',NULL,5,1),(1190749,'Sisipho','Monkgelo','$2y$10$yxufsdzCp9WFyPfXAsqjOuY95GkgZaIKE/ouxjaZaNC1bTasnZ4RW',NULL,5,1),(1191183,'Hlogonofatso','Dube','$2y$10$Tw397OhDN6w/yFcHOAfYhOgIdsstDVyhzN11.W/7PDDGBtvfoIJci',NULL,5,1),(1191469,'Thabiso','Motjelele','$2y$10$tznN.AACC0ZKm3RM8KbK/./Lv1M.DfS9NdT2PotPNWNlPx8d9z5au',NULL,5,1),(1193917,'Bonginkosi','Gcanga','$2y$10$t20kYgVskz19M6S5maFbtO69z10ThnZ7TNGxphUoj4IOLW2J11F4S',NULL,5,1),(1194320,'Pule','Roux','$2y$10$OmwAJY/RrGGxxIXsaySZTOjqk9H/G.fIE.nALMLIs5j7tO4xuzkuy',NULL,5,1),(1194551,'Mayibongwe','Beukman','$2y$10$AqA0Ue4iAF/ZAulU4TMZr.6YcahrOb6Z4LlN1CJgNpUmpffB4CSPG',NULL,5,1),(1195172,'Simon','Wu','$2y$10$BV8RE7QV5c36yYyHFwXQme/zPiVO3BMrFwwdXtywckTi3S.LCTok2',NULL,5,1),(1196674,'Nyikiwile','Mathebula','$2y$10$fN3Fs8/1eNL/g/THSuKCgOBg5uwQ28I74sqpvtdwGWDwo80KVBACq',NULL,5,1),(1197018,'Freddy','Moeketsi','$2y$10$PFU2Ycg.CCrbW9LdzPcppeyQ.GZbvMlHd9u7blWKjolTFvkLvfy3u',NULL,5,1),(1199580,'Sesona','Pienaar','$2y$10$KR5jKpGsVHpQ.nPSwtju1ewPs6XmwjNQgxwRm414LcOrh6U0.18ba',NULL,5,1),(1199791,'Nonkululeko','Nhlapo','$2y$10$zWXMc17/.y.nGARdaZEr..BhDeF.ixtfAVVcEbSjoZ67TofjGextO',NULL,5,1),(1200419,'Nicholas','Dlamini','$2y$10$3e3Kpt5TUUJwgiPmIPsJp.ertTAZy2eUPzyCxJkJ4trxp.yw0jZLC',NULL,5,1),(1201242,'Okuhle','Makhubo','$2y$10$x7o53nGCoKqoY0xs/4nQaOvFji8.FSQMsWQ4nqzJvgzlW9CCgrdku',NULL,5,1),(1202068,'Tshimangadzo','Luphahla','$2y$10$U3vW8sDmIGElcKi3m46Muu0DFxThZ2fxEKZy43B3Tr94MQ/Abghxy',NULL,5,1),(1202151,'Nicholas','Dubula','$2y$10$q2XugbzDCtXz438ilFJV4O11Kqz11ZEYtGy8l7PceGP8w7G8ewk9i',NULL,5,1),(1205722,'Katlego','Mothibe','$2y$10$3CoBJDwYKxJaP2OG5sbTmO1jYh2kDNZb7M/H9ryqGJ3c/vlHeug8i',NULL,5,1),(1207317,'Tieho','Shilakwe','$2y$10$i5O4milmKvPt1Su6AaxvG.HnWdWfLjiEyc9VS/497k8tLGNcqJRS2',NULL,5,1),(1209171,'Nkosinathi','Molefe','$2y$10$ryWn/JmSXI/g5P8kpT31Vefnd4aCwehw7EI1MIrJqQXdAGzU4Nzya',NULL,5,1),(1210278,'Ryan','Dubula','$2y$10$99kyRXmDAGOb.UoRoxwcrOCqa5gw9RU3zt9.DpOWU1J4TRRdG5YXO',NULL,5,1),(1210515,'Phindulo','Komape','$2y$10$4l5/zZjxkUxjnup55FB.POeiao0xmPGkNM.p0N/6FN7sqET//lxWu',NULL,5,1),(1211020,'Tshimangadzo','Qebengu','$2y$10$8AJM0MPmhlyTuEHyKWsi3.f1PP3DcbdDbzLp7CmVllTytWZf.4ozC',NULL,5,1),(1211230,'Mxolisi','Jingili','$2y$10$/sJHjLlOaYVimWCXWcRiAO.BGpD5PpDJg1l.Sh/K8CTwRd4CD.X6q',NULL,5,1),(1211592,'Tumelo','Mokgapa','$2y$10$0c2I9i59wIrVsszVpHAHr.5xnx1l/fkVSTHIijaproCR0r5cUQZ/S',NULL,5,1),(1211989,'Noncedo','Mabaso','$2y$10$GxR4VgJ2bEBCkc3riTqqdu7GHC2cK75H9epC9.93oCuiHJHo4wG1.',NULL,5,1),(1212126,'Banica','Rikhotso','$2y$10$LJ.wShJT0mhYCvA1ONTLfuYqIFe3bIKDcK4QJV9s.ofjjKBiFfWWi',NULL,5,1),(1212457,'Themba','Kubheka','$2y$10$9i1u7.EzPrpOtms1IUSMZuno3mDFpoZ0aO..JD76bzUD.w1WDSN7q',NULL,5,1),(1213271,'Jason','Seegobin','$2y$10$zGcW4ZF2vmbJswBKHN9mD.RyuoQLxTbtq7Yx5Xm5vL2fLKdDSKzFi',NULL,5,1),(1214379,'Siphiwe','Ntsoele','$2y$10$/dv84hqJ1BFH79144i4peega5OlNagdO4eyqqvhPTIHqDhiEc1yvS',NULL,5,1),(1214386,'Tshepo','Moshoeshoe','$2y$10$OxoVu8rIpZgwIN5a9VSWvOirFNqS06dbMXNbVfZ8pcn6/8hhbEvde',NULL,5,1),(1214884,'Rahul','Nkuna','$2y$10$EM3KDINj7IfCWWfG.8kBIuaUb8kiQQplq9/JhdjuMqbNw/7/Clc/i',NULL,5,1),(1217613,'Mukonazwothe','Somacala','$2y$10$riUymGmZRrndC5Qmn1EK.O5VD4Dxonz0MWHEgMyFeHszvWxHgKCJq',NULL,5,1),(1217925,'Philani','Molotsi','$2y$10$ZjXZv29MegL.ErXoiDAvjOwE3QMx9Ua1Qkp8aJNdqcFH4WN8m39CC',NULL,5,1),(1219361,'Mongezi','Dube','$2y$10$e4MNpS95mZU9n1jGTdVZXue9Az9gCdhGZjxf6tADBNTJ65zeurtnC',NULL,5,1),(1219816,'Amaarah','Varathaiah','$2y$10$j1Y2fSMKrIwt1r/9MfXTYe8.ZPQStHVsaxIscfap2qe2SYqPNycYa',NULL,5,1),(1221015,'Michael','Kom','$2y$10$4G/BajYGoMRc9sF/D3O2AO4/QNMC7rrnHV15MLh7ObGhUdAbc084O',NULL,5,1),(1221936,'Thibello','Pillay','$2y$10$3o/RjCTfWIqL7p6aGbREket.XKjOSbb4iC/mkpYreu.3YfiFG4bPu',NULL,5,1),(1222750,'Thabelang','Polori','$2y$10$kZzGmfDQIJbAmH3Bk3Du..1fNxyDtSUfaNu859sB85HNvc3yCxrdG',NULL,5,1),(1223844,'Nonkululeko','Seduma','$2y$10$xecDrG40wuZjpT4s7/rczu52rEhZsgLKZq3LQhcNSFYw1yT1GNzE6',NULL,5,1),(1224010,'Philani','Monkgelo','$2y$10$Kj/13hLJu3atHu71gIO0OeD2b8A0nJGwe/UUzNvpRCt6VrM4.ndO6',NULL,5,1),(1224775,'Siyabonga','Magabane','$2y$10$A5St3LGhC27wJDjASxjuketb3sB0oJ6/xPR2APlTdSLcOhzLIt9r6',NULL,5,1),(1225024,'Tumelo','Peters','$2y$10$8vDevyjysF4w0QZnRIn1vOVOL1/0qc6AANg6yMMTB42rLpQ06NtH2',NULL,5,1),(1225025,'Khumo','Mabidikama','$2y$10$jJWfjJb8YGYFroLEQOqdMOMWUlWokK7I4SGL7X5M9vglccMmSzA3S',NULL,5,1),(1225675,'Themba','Ntshingila','$2y$10$ukwxo.biLgjhJgb.QeBRi.UqjFh5E26CMKmbYxflV/.Bcy1m9MeSO',NULL,5,1),(1228150,'Mxolisi','Kanyile','$2y$10$CMcTPaeoImryxdOerIsLeuscfkxTAG92NpwCCdBUKnYWhkpYZ1kLa',NULL,5,1),(1228683,'Ntwanano','Mogowe','$2y$10$bl5DowMrIGiEqy5.wbEJDuz0AYXq/LAT0xgF3SSkWK5QgPv5HbNaa',NULL,5,1),(1229058,'Talent','Alter','$2y$10$.0ePwaVQZvklsfjVDkq2nOpPe4BATmFGEPBlXgrzx82zBVEmnKy3K',NULL,5,1),(1229533,'Sthembizo','Mabula','$2y$10$oPom7M04D04tsHqtT8U./u6Drzd93iB6yLl./8nk12tj1wS3mlIUa',NULL,5,1),(1230451,'Caroline','Nundlall','$2y$10$dJgxgwwUPiwQzqdHYQDvnOONMcz0c6hUv87YQMa4kTPXqIENmF0DK',NULL,5,1),(1232214,'Keanu','Mabunda','$2y$10$5gCKq6R8bUQuwKvbegblQuJ5upEfZQk83NJ9lW2KYwLtLa.sma.t.',NULL,5,1),(1232362,'Mohammed','Seabi','$2y$10$oDyThctjwfUn8ETjKjyFsurvUkdsNFE8ar/ejtMJ5AMyfVvAtmDJ2',NULL,5,1),(1232602,'Rotondwa','Gaetsosiwe','$2y$10$aYBaEeZSMRES8L8AbF9A..wgfKGP0avy6vOON8QDIFYzrYZkShmcO',NULL,5,1),(1232658,'Jared','Monyela','$2y$10$tLNnQDISwLNdPmd5ZThA..0DQH1CQZ5TOG7qUZO.sXMdkVquQpOlG',NULL,5,1),(1232876,'Collen','Nekhumbe','$2y$10$O1VTh4IYkxqyP6M2iLKi5ODplJieGcmcPF.uf35hIEW56EsJiL/KG',NULL,5,1),(1234182,'Themba','Sanderson','$2y$10$Gqstgo.OSD1515GBBkSlGueoxe2eFkFy4LsA74N3v6QbRINRPI1Zq',NULL,5,1),(1234567,'John','Doe','$2y$10$OfortCh4CUgLIoeQ5i9CHO3JJX/OSorr26wr1SCisuXLlyBST2yJW',NULL,5,3),(1235322,'Mpfuxeto','Kamotho','$2y$10$VOeJV0Z2Wpd5.3qpVHlHH.zU/68VqyRZRH7r6ZnRc29s4rhft.pxe',NULL,5,1),(1235794,'Liron','Seegobin','$2y$10$diSPnG.Dj4VbOnY1KfEsteGblFl4FYW3FY1jy/yHnUcOQyqZGUFMS',NULL,5,1),(1237102,'Xolani','Reddy','$2y$10$RMtdHpUi0BLub8fwQPr7NeXZwklWdVZ.qfOD6gL4NxwHI/LIbmNfS',NULL,5,1),(1238599,'Lundi','Dlamini','$2y$10$lhiDjCiYYV5hX77JUn.TEeUOqZhjzVsPBpSVNYlCbufhphWgcSi7e',NULL,5,1),(1238689,'Tebogo','Dubula','$2y$10$W1h1A6Ge8NlGOG2rWKceVesdmSKZLK/iOHbGcdJSL6F0SZxBhxmsC',NULL,5,1),(1239188,'Lungile','Istain','$2y$10$GIIVzay5K3aI1IG9gRH9uuycfzdGZ9KXcxRQ5lRuG7duDmtIP4A.u',NULL,5,1),(1239920,'Zweli','Mpofu','$2y$10$PTsMfs/PVFJ1dL7J53/IZeJvQNJfUq08c4/cVwCKeDBisuG6FrMHO',NULL,5,1),(1240013,'Cheryl','Paul','$2y$10$Sb9mKYTJDqLhP0tdRWIYuudqtAEPqnw41BuKjxj.NWM6pt0S3kX2.',NULL,5,1),(1240050,'Inan','Molefi','$2y$10$4376t7X3FfVFGAOu7nXiouHVZS/odiCQXyMBAds7dNoJMaxMWLbcq',NULL,5,1),(1240940,'Thendo','Dlomo','$2y$10$vjpzuW3wKAtTglvDLMBGB.vYeKabDcBMd6VbC55P9jVCKNjnHlr2y',NULL,5,1),(1242112,'Nkosinathi','Mabunda','$2y$10$LZneTCA.ZFpOSAlsuILGHuzHSMhrQ564RNJXzPfUT5Lm90PKV.Zbe',NULL,5,1),(1243716,'Keanu','Rabopape','$2y$10$mps9/oL.T57Iab87qjx/y.BK1jeE0P1a9fDcNcIu11YXp.azsaqF2',NULL,5,1),(1246167,'Nothemba','Mohlala','$2y$10$I4dCLQ1tRKJFn6QUMoP5UuFQRQ8EMEGg5GnhrYMdJUBPQORlwBajG',NULL,5,1),(1247212,'Kamogelo','Ramogale','$2y$10$cNBpYx.fzgRD0m2fiaNS4OHRC8Niglda4kI2/GB3uGlGiPq2x.V4G',NULL,5,1),(1247926,'Sihle','Kobe','$2y$10$N8fl7olKi1Yza73X6SeZ.OGI6Pp/V/w3TEJ/jkxp3svTFI/HkL7kW',NULL,5,1),(1248420,'Phinda','Rahman','$2y$10$KoRmOztTazAogVhrt67cDemMvpeaLnFutH6zXTwNigT7/pGusByEu',NULL,5,1),(1248968,'Timothy','Mesgari','$2y$10$hmD.nsv5j48soVTVHJpiu.bZifWEc3zSLi4yRQYg45Q6y8gEJqecK',NULL,5,1),(1250076,'Michael-john','Madzima','$2y$10$4/RfKbnmnXL0BooDhWBMkuleEQaub.DFZH.L/lT0oThfmAPqFgaVe',NULL,5,1),(1252298,'Raramainashe','Suliman','$2y$10$jIMM9jM97KRYMuGoC11t/.FGnhhZpRnoHzIAWESoTaitejAjmOeUO',NULL,5,1),(1253227,'Kimeera','Sithlu','$2y$10$wLKFCrDGPiQrKtK9c1/EvuMaZgOT.oik1HJ/.0wuWdVBeQA13suCu',NULL,5,1),(1253236,'Donald','Dlamini','$2y$10$xaNczfRvK1NLlETRL9PRRuxxEQOUgNXiWRQfc5bTK8fLpwbEQguw2',NULL,5,1),(1254091,'Nhlakanipho','Radebe','$2y$10$0q2QGcH3m9CndN7mH0OV8Ollqb/jh3UWHCCV4WQPUgqwJUCyQfyz.',NULL,5,1),(1254241,'Goseatla','Mokoena','$2y$10$9m.pZvl2ACFcWDGCDQ4UkeEdod1wA1lkrFmc8aglCl8WxIcnHYSCS',NULL,5,1),(1254578,'Tiisetso','Ncube','$2y$10$sS/Jq3NzOHVNKxLaZq6YBevWivka6CgKVQXonA9yKew72/QDTtMCu',NULL,5,1),(1254742,'Ioanni','Ragoonath','$2y$10$8CiXGqVtf6oauenSZdkzsOZM5nYF36RuUJKVRcsgsZlnZxMV/HYVu',NULL,5,1),(1256170,'Johann','Madlokazi','$2y$10$HybZ2.0W52w.3Ec542Y5deNJ4bbGf/d4MkDvBq83P1hI1wJOpcpx6',NULL,5,1),(1256185,'Liron','Chuene','$2y$10$avpwK7dXA1H9rKNQ22sJ0O8fkzNX5bLrQmNmtpgnWAUhpTp.6zAJu',NULL,5,1),(1257354,'Mihai','Mabetlela','$2y$10$e6RdqRMfYLDsw0mpZYXQ4u1TJPawuNesRGazP5.NCh0kFCjo7TJFi',NULL,5,1),(1257574,'Bukho','Mdletshe','$2y$10$GOlXmUYrLMOMZZhVzA4jhuS.In1MbfatnTEa.Cc6RhY9fW4nBd2wG',NULL,5,1),(1257652,'Tiisetso','Ramnarain','$2y$10$bDpDF6ccT.DKCYsLVYHyLevyHHio/ff1joCBf6QecfDN70iE2Sx2G',NULL,5,1),(1258172,'Mukhethwa','Brass','$2y$10$scRhff9oBcUwj/2sFeYAWeYxHQXQIWblX/qTaiimtirxviTSjhD9K',NULL,5,1),(1258475,'Tebogo','Buthelezi','$2y$10$xQm/OOlBiK5EP6BCu59vDusbABGotM.QR1GyJC7/Yk/nWQ0VjxUqG',NULL,5,1),(1258957,'Inan','Ntjana','$2y$10$MjiC3U5NDPTuI4UBaogKjeJOovSOe/ylVy/XwYjMGmpvaSOjvduVm',NULL,5,1),(1259440,'Previn','Mazid','$2y$10$.zur/C1b9QO/dIshRymA6O6OmTvqPq74QYkJwsHfc0/aUaydMP5HO',NULL,5,1),(1259799,'Tshepo','Mangera','$2y$10$bnVTvDZEBR619X/jGecQGuGZEn7ONNchjPzgnM6ZYRGIdPzjtEibG',NULL,5,1),(1261103,'Selebrate','Mti','$2y$10$V/ULfJBpnki5/or6s9woGOXpUjT7tbwrOypCLa9IxmNaLeXEP8mFm',NULL,5,1),(1261697,'Muziwandile','Sekgube','$2y$10$0vmfUUzHMlPOv.7AVMS/d.IhGBjJxRK6P/fbQN.4wUcajFrefEYpu',NULL,5,1),(1261788,'Shavania','Shongwe','$2y$10$ZpSB3OYTK9M.1LPwnf9syeP4qhBIB2gVkNR8M3qK5oH/btAmQyKW.',NULL,5,1),(1261861,'Richard','Matshisevhe','$2y$10$D9.5rbPWu8qh9y6A.jQTJ.EjpO7mRTTQgTO9AJKyvLEXKUEA7yuLC',NULL,5,1),(1262007,'Ayanda','Moswedi','$2y$10$OgD3vxlPKZEg9Z2qNcedo.fmmHjhvOt.144nRNMutFrCWGHUh9Dlq',NULL,5,1),(1262564,'Koketso','Bafoly','$2y$10$xz98e467moutSRE5NNB3y.VQcM68JJcvnhVZ/avamkjk0CUZW5buO',NULL,5,1),(1263620,'Vincent','Letsholo','$2y$10$xrTEz4VQVc2.aHU7JmOv.ed/pCVWjnDWaQWx3puL2JCxhNlH61nn.',NULL,5,1),(1265788,'Mologadi','Hlomuka','$2y$10$Iwerv3iPglhXfJZGk.bF1eX01isWwyGfNK16mGCb4hQT0Zwrc3wMG',NULL,5,1),(1266137,'Tshilidzi','Chezi','$2y$10$gSFXnt3U7pA2xo0eO1qj3ez9AvH/fEJDBZzTbtUvZ8YwxCTK3kdlS',NULL,5,1),(1269065,'Tlou','Malinga','$2y$10$YAtnEXDSzyFPAc0UZI93UuAqxu0d.NEtaq.8cHR7WIgJ8aE3YXcIi',NULL,5,1),(1271089,'Sandile','Hlomuka','$2y$10$S4D/tvHTzYEQ.Hk0uUfbhOjiK8YzB3X7GkKB7Wd40tjQ9lYTZDYHe',NULL,5,1),(1271293,'Nthabiseng','Modise','$2y$10$IOGvbuPCCLWxM3CqXYoYj.i4W.rz4NImn22XckyGrP5pSW/Hlg2MC',NULL,5,1),(1271878,'Ntwanano','Ngebhe','$2y$10$FosWR4xPznxvST8KNQZ3R.GMIcul2IWFM6/j0UeN1.tbuCsLpVgrK',NULL,5,1),(1273431,'Tarryn','Nkosi','$2y$10$b9U7KT189VyzBwfri95RS.Oh49bPyGmuL0FDkJLbKwRn8mGqAFRvG',NULL,5,1),(1276176,'Imitha','Makumbane','$2y$10$8VikIe30JhWwG933HD5TMeadocTcgz5BLmU9zYZWRB/GzFdXZNx4m',NULL,5,1),(1276771,'Vutomi','Makumbane','$2y$10$/gujrLVV4BkEI5mTzfLQfOwejJtrbyM/Hyqw69FuZy0YkjtqEUL0q',NULL,5,1),(1277390,'Mokgadi','Griffiths','$2y$10$Nm3gw9abYlNAlBk4v7RkaeLXNBx1HWvyMN0wZNN82uAfhdBxLh7QK',NULL,5,1),(1277705,'Mulisa','Maduna','$2y$10$qsY0mWaa3yXyWi4F4j2LiOOrcyS64KqJv32tqaRKQT8hBaMMspdvO',NULL,5,1),(1279083,'Nuru','Magadani','$2y$10$fN9D8bA8kEFDYQSNV7zj9ex2QQkBx2Y8xq0XPth7GoopJtTyvxl0.',NULL,5,1),(1279342,'Titi','Ntintili','$2y$10$i.kbt1zZLL6klk9m1y9oS.Sm8Sx8lpjAW7VH4oVTE5OXIkx8XQIfa',NULL,5,1),(1279607,'Rito','Phokane','$2y$10$kKPP4UsrfE50xiHw7tV.Yur/yACvzf5DAu8RLM456BvJ9db5DQWoq',NULL,5,1),(1281058,'Bukho','Vikilahle','$2y$10$aKfBuLhAE2s70QBEs8bRfOykB7Ej3HRm08UecldyiDEbSOdRbW6L6',NULL,5,1),(1281590,'Bhekinkosi','Musara','$2y$10$FiiYQbCQ0WPGLvfOHKiae.6Q2pfUliygBCL2J4im0TU3elBTJmvtC',NULL,5,1),(1282570,'Mxolisi','Mguni','$2y$10$Pdtup3uwSIlivW4YlRqH6utDEroGr0HBozbwCvpILhUqYHtFBdwJC',NULL,5,1),(1283569,'Angela','Satekge','$2y$10$kUp9cy9UefXdQgwa/yKle./SRykeSHq59aKR4b658fwapfWacUX42',NULL,5,1),(1284676,'Neo','Khwerana','$2y$10$7BIRX9Sg7t31h40Q13mKbuahNkP1mTt4QZQ6igeTS4TYnYcynN03i',NULL,5,1),(1286050,'Kerina','Pillay','$2y$10$aYpbEEXJ21xAgz03zClMNO7EVzF5l75hidgnNfNE7HDJiTLbI4/dm',NULL,5,1),(1286193,'Naledi','Ranamane','$2y$10$Er56ZvMLTNhLjM3v./LrKOwXBx5nUdmlNMlhC6e07w9YUhFeTB.7y',NULL,5,1),(1287094,'Kushal','Molefe','$2y$10$4HWvTGeQx74dnLlIQnNWnOKQ9OOjmnnz2MR5yN/lDOuFE37GjYBea',NULL,5,1),(1288093,'Yamkelaokuhle Elliot','Cajee','$2y$10$ceNaCpwfo/qkRGOPSv5/zu9VF/Q2.GCv1wSFNatMBG3bt3XxkH7aG',NULL,5,1),(1288486,'Sarah','Motaoung','$2y$10$RtjYwSZQdw.Lanqy3VbwPubSsp1KFmXGxG3WG/i83Z.012csKqenq',NULL,5,1),(1288572,'Banica','Mabuela','$2y$10$m6JJbVQHttYAllJ4kL89s.Ia384IasluDiXpTMKTYRMamTn/b3TTe',NULL,5,1),(1289625,'Goodwill','Mdletshe','$2y$10$rnvsDac8x2Svvk.Y0BmK2u5dNJGuPBL1SWQV1jRyq5hGeabA02Zou',NULL,5,1),(1289889,'Chlo','Shoko','$2y$10$ECc0UEMtdsf5XWztE7/kXe.5O7kLRqGmKzy8jy/eSR6OYAK4imizi',NULL,5,1),(1291230,'Kerina','Mavimbela','$2y$10$Sre8Mk.eBLN2Cit0dEsja.MRuz5gc/1eWTJMvVdAV1PFrl7b6EmNK',NULL,5,1),(1292195,'Inan','Mogale','$2y$10$gqaBDLSEyA/hNOgNCn2kxeI9cdHEE5.nB/PCQM/BCxAX.2SPAfERy',NULL,5,1),(1292499,'Lesibana','Mogalekwena','$2y$10$DIkoNUtNebeaRmapC6qozeVXGyY2Xit4Y3YfPJD8QO4jhs3AxWeQC',NULL,5,1),(1293704,'Pendapala','Mpofu','$2y$10$Pro8R9pj0PvmUSnqUxQjE.hUHXKFxZU2ULw02e6563laRUZI/1y4S',NULL,5,1),(1294874,'Cornelius','Gule','$2y$10$I2KehsR7cwQkk4TDc4U4sukKX8cgtcwv66UCqfPL10YKz1xvXNcpi',NULL,5,1),(1297410,'Tiyani','Mabetlela','$2y$10$oIhcGhC6O14s7Z61hSbTr.MQkq39lF/igKaugYnJWRtFvlv6k34j.',NULL,5,1),(1299737,'Given','Khendle','$2y$10$v0RZ89jQIBqsY5z0ZOf83.rW3dSO/n3yaVNI/e0em0z0h/GwCmZFi',NULL,5,1),(1300358,'Hlamolo','Mti','$2y$10$EjI7dC72hBF99YcNrxdgTOsfO5nYJTYlKyvXgF2tTlkprkKYUMvGK',NULL,5,1),(1300389,'Sherpad Giyani','Mofolo','$2y$10$.PwIv6Zwzf4bWfEAC4IByORgbqvOtSh.QwgUCO5Y4MeRVjPBQq6my',NULL,5,1),(1302790,'Mikyle','Sanderson','$2y$10$I8vC6pvwE.RYKyXRiYs/o.niB75Tsir3YM/KP2Zy04phOZiS2M042',NULL,5,1),(1303329,'Thibello','Tshazi','$2y$10$SxM9IczFBXNTJb318rxhDOXbnKb/A.VzHfuFng68QJ8sz1BCTd/oe',NULL,5,1),(1304982,'Michael','Masilo','$2y$10$pkDhn0h1sH.6IHnONoPhC.aoQCXXcnuG89sNMgINljmbIu7HsQcqa',NULL,5,1),(1309238,'Nhlalala','Sebothoma','$2y$10$AgWSe1Z0jyRwRaD8qVtCz.w61k5oVblzEc9E/FxGU8FLEzq2ESqP6',NULL,5,1),(1309294,'Sizwe','Ntjana','$2y$10$5Cdk0owGScHtRuwBl/ZZROaacVlN3zJhMm.QQ4pbPuMiAl2GJakB2',NULL,5,1),(1309801,'Darlington','Sowunmi','$2y$10$rV9xuN4Ava8aT07TtodMjOcCtPRpAcCKH04LLrHi0QcBzWpSDL0Xq',NULL,5,1),(1309833,'Phinda','Kobela','$2y$10$7iG22jqeMIguD5HPh//8Gev57FvHM9IdJE4S5boBL0qvqOAzNnf8q',NULL,5,1),(1313559,'Nicolle','Xiao','$2y$10$/KOfGp2vC72Kdw4Q6Qfh4OzgSr6E4eB4TrcnsALA2IMN68V8jO8pC',NULL,5,1),(1313962,'Siphiwe','Makumbane','$2y$10$y0iNhrKs4ALMstcBNfR3VuNWhxJTZ3uBiItjsi.ZKCl8a/cCx.59m',NULL,5,1),(1314481,'Guy','Molefe','$2y$10$CB91bbHCMWUdrWTkJB.qwefQCvMBnwme7QkHhmGTWNyqjNesKL91.',NULL,5,1),(1314574,'Michael','Mabunda','$2y$10$mNrqbL.aR0VmNsty4Y42l.e9IL7nF.mZRNAp2siYh53/LuCzePWhi',NULL,5,1),(1314877,'Goseatla','Akhalwaya','$2y$10$v1jV5hzih2iponOHYXSHxO7uEy22RxPTQZfHdE1rYthhC0iHwjgUu',NULL,5,1),(1316400,'Sivenathi','Monyela','$2y$10$Hp83Gci.fGIOKlOXlbYMZOn.vSMnPUOQdChywsc/kLmyKKfGNM7VG',NULL,5,1),(1316589,'Taurai','Fokazi','$2y$10$fFo00u5JN2H1CvIxBw4olOoFC8TuFg9PVyzuchZdqvA6zh3sevKkC',NULL,5,1),(1316753,'Shavania','Pillay','$2y$10$Rs7DLS3MG6J.fmj1fAmo2OBjkagNInhV0k.w/A/T57753DyKieK/O',NULL,5,1),(1316805,'Tshepo','Dlamini','$2y$10$I1YJ78Avr5Jq0Qf.iJc7D.b3OHBJiGnoRACtOd4UPj3Mo30d7iRp6',NULL,5,1),(1317725,'Babalwa','Mofokeng','$2y$10$XjhOnAafeWzsXP0rHO7aKeCyvKdZAU37lIDVzXp5/fh/3SE2Ujhw2',NULL,5,1),(1318471,'Nothemba','Mabunda','$2y$10$Syc8cmC1J.B/o.V9ydeR1OGrNQvHj681EQ0aV1hVCFpDTSctSBrNa',NULL,5,1),(1319538,'Tiyani','Noel','$2y$10$XF15kEvP3SkdIx16ZZ9mnedCypHPxzHnWa0esWYrEhcfJpv7xexbO',NULL,5,1),(1319781,'Tristan','Reddy','$2y$10$zSK5MO9pf3U.surwhSGVk.IbwZPXxnY5Q5jL3FdhuZ9AzR5RJ0Mju',NULL,5,1),(1320332,'Donald','Dube','$2y$10$dRCDIIt5vWUB0sDj3T22PezlPREEtBj.kLMwKyfCN3icNGMMLpWkC',NULL,5,1),(1320344,'Bono','Ooka','$2y$10$ySvMpCc7IAKyTGQztEYerOtPMSD76fMKkR7N4z73vKC37p7ZpUSCW',NULL,5,1),(1320460,'Khumo','Molefi','$2y$10$3jrMGpO2S7/uI/pe0zJiJe6ZyoLXG/YE6p.yEuzeJBJnNPSAxTI6e',NULL,5,1),(1321779,'Tshepo','Le Forestier','$2y$10$/8pPsQqV2NHHEJHByGhsKOEJImQCzca266/GVsG5.9WXogazXm6w6',NULL,5,1),(1322292,'Razeen','Tilo','$2y$10$IlIJdha6HN9LIJBzyGTv8.E0SwGlG8imS67kwGyCZ1o3us/7X6nOe',NULL,5,1),(1323080,'Rahul','Mugwena','$2y$10$30VlbhvpScm/KuaS6Jg6huQ.6XdJPggkTE7QjcIKODlg.OUPKKCFC',NULL,5,1),(1323100,'Mokgadi','Raphala','$2y$10$upSmpyjF/v58lml8ktuDO.wa5iGDskRB4eI0h7xTa34MXvP2ZWa1m',NULL,5,1),(1327361,'Ndaedzo','Twalo','$2y$10$WcUyTBjOhvxuGavg43Te9uGo2pi4FmuA.LXLJH5fAVRtH49pnQdmS',NULL,5,1),(1330232,'Lesibana','Mabidikama','$2y$10$LI66DjUWWZKRfIm7zpO8uuLsq/LcpL7Crbrx4yxRz7ND6OVRk6MLG',NULL,5,1),(1330514,'Nkosiyaphila','Ravelle','$2y$10$b9IPgo7PZFINFHL8Ce/wcuklZrf/V0Cj/KExxQ0Vv5AwU9l7Nm/jG',NULL,5,1),(1331047,'Karabo','Modise','$2y$10$G3O1QEXTzYB9fs6RVo3RNOSc6Ng.UPN0e2T8ksvDNBdtm2XCe.QpW',NULL,5,1),(1331184,'Pranesh','Rambaran','$2y$10$k287sT2bCg7/eU88umJm5eSrW/ufzQKaCJ1He0heQHZRkVJ2XhNJu',NULL,5,1),(1332240,'Cheryl','Lukalanga','$2y$10$NB16rMg/c1Ma5LT/PxUJCO6WyfKx5l3i0ZXkXCIqE5aFDBBkw4Qmu',NULL,5,1),(1332333,'Lindokuhle','Suliman','$2y$10$zmsg/VWnpub41Fn18MmpMORR8iR1qT7k3pDdOuN7eqUSJ18kftD0q',NULL,5,1),(1332591,'Tshimangadzo','Chezi','$2y$10$Nroy.j4Q/38fEpjCBfQvA.KyD/8.nEUYLnt1sCpgNgCMFwRP5/y4C',NULL,5,1),(1332670,'Ayanda','Kubheka','$2y$10$dIx1dqw8UVYVg8XH8XOYiudNiOWadTL/9n770rsPSYAcufM/oL0hu',NULL,5,1),(1333375,'Khutso','Shoko','$2y$10$crk431bZ9gc17kfhXxjRn.0SHguf49tM8TtFACnRXPceJu0RfGBVy',NULL,5,1),(1334496,'Thando','Thangavhuelelo','$2y$10$BkCYylT841NUZio90nHosOs0.IdYtMn6jE9uIvMTzxyutyxHubHD6',NULL,5,1),(1335618,'Tiyani','Komape','$2y$10$/I.74SqbZv2QD3LcxrkmVelQeRexnWEjJjjP0jqUahtoAqk2hoWOO',NULL,5,1),(1335835,'Arthur','Mhlongo','$2y$10$KWQZhb9y.Z7PGJesKgShbOuZptnhnLJqFsnlmkKe/Qdw/0c2sdzzK',NULL,5,1),(1336649,'Ramoshaba','Maepa','$2y$10$MvRmjTUQMvrl/B1xRHp7e.1xC9igl7mzp.IPDYP81ytAvcmSCnYGS',NULL,5,1),(1336723,'Tristen','Hlawe','$2y$10$zhP5iJcSk1QT8Qyy2kU9w.8DJ9AJNZdcYrJMHu1whuiky1EPBWury',NULL,5,1),(1337420,'Goseatla','Wookey','$2y$10$8nQW4bOMa0rsEft/nJa.P.uMjKwHdja9H4IcNo2rQWgs2tf3CcTbe',NULL,5,1),(1338423,'Phila','Musara','$2y$10$Jht5.BBnz9Cn20d4srryEe10pe.Dbwt6Xc.nDiSVsfWWj7jmC.kG.',NULL,5,1),(1339663,'Katlego','Monaisa','$2y$10$/8khyAHiQg7FTz8N0Rte/ev2e9NO.wt1I8OLrZdChpyrNCPUnduTG',NULL,5,1),(1340680,'Tshimangadzo','Shortland','$2y$10$faxBlhpyGE84kSVrWfiWPOqKy8nxHU5D.L9JFeWFNcr2K83UrdOS6',NULL,5,1),(1341101,'Tlou','Nyembe','$2y$10$o0i5c3dQ9.gWE.JNbMhmAeSltzWCE3clonNLJzefqaa4z4tuMPvFC',NULL,5,1),(1343233,'Nuru','Khaile','$2y$10$GSg4VxCY4JWMTRRl9g2R.eDQcsyfTQbYHVfQPq.K1TxyrcKwCTpIO',NULL,5,1),(1344103,'Nhlalala','Mbara','$2y$10$BxK5Xp07AGToj9kebBpIb.qraB5kmJC/ZEGC9pwa4MfXnmIIGUgLW',NULL,5,1),(1344145,'Zwivhuya','Tilo','$2y$10$AUi5ozhi7KvcsztJ2gJ9Eejgi/9dejersQM6elYvORnFsLZ/krq1m',NULL,5,1),(1344783,'Sibabalo','Bham','$2y$10$E7xvhzHmoOE9gC.IDqp3m.ho34DWtLlmdS8u61Lggnl7euzwTCMGO',NULL,5,1),(1346778,'Je-m','Jannsen','$2y$10$hbVqUINs9vlmnq2SLnbB..p6DUAG9GyiH.wYbgPnepdFJhkDF6Ad6',NULL,5,1),(1347121,'Calvin','Radebe','$2y$10$W4I9Aak8UTZsk.daUZAACeHes/vigC9psl7wbA4b9PYN.zbQSX8mm',NULL,5,1),(1347858,'Olwethu','Ntshingila','$2y$10$qa3VEX8ni5wYBQ9oxBcxB.Fr679NEB0W5FfBlEk7BDQ4HgKrD1RLe',NULL,5,1),(1347859,'Rinae','Rahman','$2y$10$EmRa9QcEDABshsw7BIkk4uI2.jchHOixV153T1ReiXdsFGOO1jeEy',NULL,5,1),(1348428,'Ayanda','Mogalekwena','$2y$10$WUo9GTLhAVRHKxgymkX58OVwj2B97iXpRrSymLFx8zCjVQLEVvkdW',NULL,5,1),(1350890,'Rotondwa','Charuma','$2y$10$0INg0nzJAq0SB3BdZeiaYONZKb0LmoUzzSMwO5uHldy6Rm2tmUZqm',NULL,5,1),(1351827,'Anastacia','Motjelele','$2y$10$o1KIfaJJmzuRbpt7X1EVe.GEJfvxRcDFCAQWb1D8zxtovNJv7plN2',NULL,5,1),(1351863,'Olebogeng','Mithagare','$2y$10$nUMxqPv8HaXuwIF1sFsJTuG2ypeDRbZiDdP8tJV6SIlthLu1DT46q',NULL,5,1),(1352641,'Tieho','Mokoena','$2y$10$EHXYd1kfopOeu80eaK4mWeJZnqKTlSu9F7UDsAO/FZ8pyn2oCNhbi',NULL,5,1),(1352712,'Tshepang','Bristow','$2y$10$g7IFlMBhIlms3ZCq.kWXa.9h17n7VVcid9H5jBssLvigNLZ.cl5hS',NULL,5,1),(1353682,'Gudani','Lemao','$2y$10$qJiEt2k96BH0GlZh4T6ALeiVBiRSRHEUvL.fofeqa4Sos9BmS5CVe',NULL,5,1),(1354219,'Roman','Chirindza','$2y$10$Ay60h48rxXtIw/2145HLFuki35tsF3dvvOJsR682XUvXu87GgGiLu',NULL,5,1),(1354503,'Silindile','Beukman','$2y$10$vEN730ovYDkrd76xL0quReyidFytJQBBdX1YSyWVxwcbNQm56Y59a',NULL,5,1),(1355637,'Mikyle','Kajuna','$2y$10$mfjAc9FNuEhYuf4hDvaN4eYOlQNqZLk2FeIFZhVJ48Yu.5LDKq/HO',NULL,5,1),(1356891,'Thapelo','Mabuela','$2y$10$3TIYfF3GgBwpazkfRWFLSuoO.RiywnOD.cb4SZ4Vk0Tohr9kn2l4K',NULL,5,1),(1357026,'Raramainashe','Mavimbela','$2y$10$1Ym1MLWRQqV.9poR/9Wah.Co8VbntKcQRrWZyj12NAC0QwnCyPc/G',NULL,5,1),(1358050,'Taelo','Gani','$2y$10$ueeCUObAfAAoW/OWVuT3Buc0Lcp7MI.ZLYMm68xIXN6FHSB64eYue',NULL,5,1),(1359004,'Sipho','Maluleke','$2y$10$L4SfPGG7/qc8jcdNBXeFwuNVZkpQHqqaetNIxbBc0a8g.dG95ej4e',NULL,5,1),(1359194,'Bhekinkosi','Madwe','$2y$10$lKzx8syfocLSrbjWmKyvHOhdhjAWmQhSsG5nXdwzxqrXB/ZtgDIU.',NULL,5,1),(1359229,'Kaizer','Mojela','$2y$10$yuD0226iZVvGSr/HG.kq5uzkAvJie194/CaUnnL/.Lbvfvx9LyLQ.',NULL,5,1),(1359908,'Nhlakanipho','Makgatho','$2y$10$DoylEwRaohmEIaVWTkWCf.TJfHECuSpj38uK4uCpEp5LnQU0obTIW',NULL,5,1),(1359946,'Taurai','Suliman','$2y$10$R9zk5OJBCjPDSKAgo0GqH.jaDtWGKNyN7OzARuJz3VnHhYP2rM4Cm',NULL,5,1),(1360434,'Ian','Sekhoto','$2y$10$mgGpoSdR47PRXdQvkct0E.u0.thl0ff0mtoiFsUx1FImRianykwGG',NULL,5,1),(1361162,'Razeen','Quzwana','$2y$10$Ww4yHrpQmSc6VoBpzqy0X.nYf7EPt3m2P2sDQGL00nre/wUuJDw0C',NULL,5,1),(1361407,'Sherpad Giyani','Kajuna','$2y$10$4FOYhF2rK4fmBN0A9O1uBeW0c7QkUps7msxhsNkywIM5XgzOYXtXK',NULL,5,1),(1361871,'Kamogelo','Wildenboer','$2y$10$1MhAN56tHqeRIFonYFQcpu9zV9/4MQwZlwj3PKTA39zyDdoGbGo.e',NULL,5,1),(1362417,'Mikayla','Rambaran','$2y$10$me2b1nHARQO7jRm2.BmDSey1NYejgnATtq74geinGqANjQ3QmH7b2',NULL,5,1),(1362471,'Davis','Branga-peicu','$2y$10$bDtDog9zB/RfSAZjnf1rdOf2iFT3dePfquSb1d4oWeGUuFTAK4Bpa',NULL,5,1),(1362912,'Rajohana','Mqwebedu','$2y$10$uS9NCg7nnUt3JLNLVPbkw.beTSxVmn7xX6UMx6CKaLPqE8IXTKla2',NULL,5,1),(1362931,'Pendapala','Wadaya','$2y$10$WmS5mqHgSMx9yvCrFEZMoegcSeE0PaZkGkXOHAKVOnBgVVULTi/W6',NULL,5,1),(1363480,'Mervynn','Malatji','$2y$10$LjwN2Yn4dbw6YI0MTmuSgeXiRCLAc0bnYBrF/ByU2RI9oEO8RZz6m',NULL,5,1),(1364299,'Tshepo','Mizrahi','$2y$10$1jZoEgR1x4UDpUMyPZGNve4eg9O0VRgR8D1kXQ1KiW2pBtqU3dw0.',NULL,5,1),(1364390,'Ra\'eesa','Nare','$2y$10$EKi8iGKIxhtZKH056HVCmuVtxoWydqpc4Oa4sBkWSRKjjFaa8Z5eW',NULL,5,1),(1364790,'Sithembiso','Zulu','$2y$10$ea8zLTSSyN2C6rM0sZIxBOSwCKwDCCmV5E3Tr9RelMfqmhgQ1GklK',NULL,5,1),(1365822,'Michael','Brewer','$2y$10$pHVVw82PGzrGwA3DS3zEYO4YPMEqtMwnlIb9LL8Y0uiHZ4ip3/2BK',NULL,5,1),(1366278,'Mahima','Thabethe','$2y$10$EtOfQz9k5.Zg0gZKjwAn.OaYbi7M8KMiA6m2u20lvvSz8u4Pq8xQa',NULL,5,1),(1367915,'Mahlatse','Mzila','$2y$10$coJSa5SRrsoAPbQNnW80SOLISX/wwgCODuhBHTTdl4iHGA5ycz.I2',NULL,5,1),(1368132,'Rajohana','Tede','$2y$10$GwkPH948.CY6WQDuFTHe5erwTJiQidGY6/95F1d./lKneBbLZIuRa',NULL,5,1),(1369248,'Mulalo','Khendle','$2y$10$u/WxSaCdd4VJrIqyf2dCO.A0f9HMpDbuHOHoeqFOhbC9MD2VF1O8K',NULL,5,1),(1369313,'Koketso','Balassis','$2y$10$TrfA4pYvIHItCNB8c3pcAe1CNK01/t3QvO2OBNkm2XR2GQiybFzWy',NULL,5,1),(1369551,'Zweli','Rabopape','$2y$10$xK1w0uviMv7IQaGhkbOr2ecl1p6d.M6FIBeQ5frBOkqILyVHJsxzy',NULL,5,1),(1369628,'Louis','Kgowana','$2y$10$4p98ohr5Pl9EgkI07RSNkeP7X1l.fBcdVWxQeDaVaO.DSqocKEnZe',NULL,5,1),(1370900,'Mukhethwa','Irwin','$2y$10$N3ykb/4Wimt/oCxXv7c23OSoSh1Wv8Hwxrz1kgyahrSpBFA1Kt7BK',NULL,5,1),(1371007,'Bono','Pillay','$2y$10$cWOkuEjYLjkUvf/Lxw/AW.XRaf/D7TPy7gXjtWRV561BPN6a6JNZu',NULL,5,1),(1371984,'Thobelani','Wildenboer','$2y$10$eeoLAz683OxXEyn2pIW8kuA.fVJmreo472BxBpAlxvZwkVWrPQCpu',NULL,5,1),(1374257,'Charmaine','Coka','$2y$10$CX/x4Bs1cwiEiOH2ejvWgOGcj1ZJ.TUYBUEFi912r5nieqsE4oofK',NULL,5,1),(1374630,'Ra\'eesa','Mthembu','$2y$10$bpvcPb0835E67JtewqXQFeQEtxVmeZTvd.lmvPqNbxmOz8fDaxSZi',NULL,5,1),(1375429,'Caroline','Mothibe','$2y$10$uKkvtQhrUhYGciENKqdReuyQXzHZMEid2mkNfZTybb2dVaF5m8/Du',NULL,5,1),(1376553,'Ntwanano','Mhlanga','$2y$10$UaiNuA0nHcfR9pxAmhU9d.Z9/uIR09fYRYtnqCsQvDezojbS8Uncm',NULL,5,1),(1379330,'Karabo','Manga','$2y$10$MifnJzLLVHZjc/AwIrAut.7bxhHWfgWOFG1RNYOTXaIeyZMjlXWKC',NULL,5,1),(1381513,'Aidan','Greenhill','$2y$10$OBUNVwUErIk04YEU3yd48er4Uv7RpBM1pFXSrluDbqK55wDkv7.M.',NULL,5,1),(1382600,'Katlego','Bisnath','$2y$10$3qzlzlDQmPEd/oA9taM9m.XhUJ6vX7bvkHsgm80oP1YUhqZGv7b2a',NULL,5,1),(1383274,'Kagiso','Mgenge','$2y$10$.pziKFUWelT4ZDbUfOu5jeoywc.sYP57pHeEZhNu8duPFidZm8Tq2',NULL,5,1),(1383831,'Mxolisi','Thema','$2y$10$LC1yLJy3dJqTUCBZu313wemzVNLGb02ZAqupgjfoPDY4fanLzgnmq',NULL,5,1),(1383975,'Nosipho','Smith','$2y$10$HqwiCY66jjwOFgZFY7x4eOwBbgcq1PQ09yooCXSZaEh7vfzHhB33O',NULL,5,1),(1384067,'Thaluki','Letageng','$2y$10$pn6D12iqdup3ninE0QG7cuY2HK2RIt45g.ZGJaP8mqPhD6cbdUD76',NULL,5,1),(1385208,'Mayibongwe','Dubula','$2y$10$Y4ycBVkZpb1g12NsGYD9xuI38AiAwNXn13VFbD1DRmir5u6RasmqK',NULL,5,1),(1385520,'Jecquelina','Kobela','$2y$10$q4zpv2qEuLOv6iZO.d.NGeo7C92Bxd0XqQUV7Vqh7Q3MJMcKtyRkK',NULL,5,1),(1388304,'Sandile','Mthimkhulu','$2y$10$5QiNAwIQrMxaU7a8Wnh3lO2XNSjMqdMq9eKJGdA.OEEuH8mpvnSdy',NULL,5,1),(1388389,'Thobishi','Latakgomo','$2y$10$uYZGKLVbujwzfOKfp.vhveQ64TMQ0/J/JP4wvCfUaTKgfoNB1EbE.',NULL,5,1),(1391752,'Khanyisa','Varathaiah','$2y$10$.e.b5aJzrS6Gn8GlbRmdrek6YsLllcaA7KoUnbbVBSW8d9xclhwHa',NULL,5,1),(1393745,'Zweli','Hlongwa','$2y$10$g/u2kiAeIiUa5kmYnpn//eIKd7u8lhBlBKrcgTM3I1OtVwvS8B14y',NULL,5,1),(1395607,'Pranesh','Marubini','$2y$10$wgY02Syk6DTM/1VFRiyB3OU8ycfmfbr7jNSqIn2jEMb1S9jNbnUqe',NULL,5,1),(1396451,'Thibello','Mofolo','$2y$10$2LFXb.RzEIzUEXavoF1lZ./sPzO2IE4l.pD4Hmh6qqgf46lpqAkPa',NULL,5,1),(1396683,'Thato','Ntjana','$2y$10$xsBdS1vdTyHcF9hITXkEjum/bChSlyMrf.53poFlR5hpO99Om2g7W',NULL,5,1),(1398011,'Pranav','Dlamini','$2y$10$Tfsv/qiYpPrJ5YH.agMQC./QFi.o7t2NEa/QJrIYiRI8VquBcdsMi',NULL,5,1),(1398376,'Tshebi','Makofane','$2y$10$oYX.Sw9/Ur3Ly9mIKk8uUeusqIDrZC4e6qbG1bacvxFP3M760my2u',NULL,5,1),(1399627,'Sthembizo','Mothabeng','$2y$10$Pdm2ZsDSG28EFxyWkNfM2OWnXJMUH4nK15uIhyUWZLVQaFDXhE20W',NULL,5,1),(1400806,'Phila','Khoza','$2y$10$n6hfdTEKgwK4hU69gx2kJu.RkKNKkZTyXtGFCf7adxkZM4QsIeIZ6',NULL,5,1),(1403213,'Bonginkosi','Thema','$2y$10$H4EEyG.bQS94pwY5EMPUouTmwz2ANeLxgLiBeGylSQ/Io2yirbqLG',NULL,5,1),(1403248,'Tristen','Mthembu','$2y$10$XR0I7t2sOk/tczjjfX5bB.ZZwYBl2IRAFg/jM4LRutqPbC5jI05Sq',NULL,5,1),(1404028,'Lungile','Griffiths','$2y$10$ejVERv795Rtr9nbxXhgT7upA3y.ywjR8l0tN94NA5aYQeq2MT.0wS',NULL,5,1),(1404871,'Lebogang','Smith','$2y$10$af2x9jtlTcJE0uDKxKl2C.Q6iicZmdfWMRQvx80j1X670Az0lf7ZO',NULL,5,1),(1406318,'Pendapala','Sesebula','$2y$10$gYmJ3UFUwwO/BuO3VgAg7.jQ91yPLVp3Y8dM4NbJ7VSc/wRrNoabe',NULL,5,1),(1407582,'Nontsikelelo','Hlungwane','$2y$10$ct9vwH5FrZe.Nwq2o9CQQeRpxpGZuaB6XAw6y2Trvw1SMYfviQ6B.',NULL,5,1),(1407688,'Simbarashe','Greenhill','$2y$10$2TF89gn/pEykfCVIaaoSzumMeqACk7HWq6DvvbQ2YgosUqfqXfNJS',NULL,5,1),(1407734,'Nhlakanipho','Sowunmi','$2y$10$ugUvf/Oh6OEggcdOUEk0IeYwpHrWlwGiLOHobzIaLDEQouZ38w0IO',NULL,5,1),(1408516,'Nhlalala','Narothan','$2y$10$nXQzyrlZ115RakriC0pADeNnh229yLuFuvkXJxWqlLKVzljUu.gpO',NULL,5,1),(1409652,'Sizwe','Vicente','$2y$10$5KPZqLCeRmr/A2JU1fNuMuU/MVZm0Dne106bxaRMWAwTf24IR0KJu',NULL,5,1),(1409766,'Ziyaad','Mofomate','$2y$10$9AHQcBGacVax8OviQvAyg.wcmo29ZXHTOIzHMOaHTu/41N4HJHMwe',NULL,5,1),(1410405,'Vincent','Van Der Spuy','$2y$10$YQfzlfdTJP/sewIo8sXKdOr6NNWhYowmCP32RLScSHD/iJHm.RFP.',NULL,5,1),(1410962,'Thibello','Irwin','$2y$10$xLu1EmtXLFqYfyADi2NU9er7/lPCTKDjFaph747GoUwjhczxv93bq',NULL,5,1),(1411869,'Iman','Budeli','$2y$10$XZrzXQQgcFygYcXIpQNUA.HsGcctic8Ig4NuA3Zq0g5cgOrB9/TO2',NULL,5,1),(1413004,'Tristen','Molotsi','$2y$10$y0GUWZDmz8Rs9osWZPPyRuZ1v/x5SHOSBfIgMaFpuVNVocUQlv4N6',NULL,5,1),(1413243,'Siyamthanda','Xaba','$2y$10$HIj.0sfzZndQsEdQ0A2AKe2cDIxDLeHCJqOB6i9Q0BQ//Wc3/rWMe',NULL,5,1),(1413505,'Rumbidzai','Madwe','$2y$10$xxRaGeQ8mwJPF3nnQfa1U.Py3oU8tvyQ7Uayzf2VwAhXf8WjvO2rq',NULL,5,1),(1414315,'Zweli','Noel','$2y$10$0JGrF2NtYAgzSwUuhkXXmO8y/G24ZVBJWIl98fz31TCwRPH1..SXK',NULL,5,1),(1416532,'Tristen','Leonard','$2y$10$XpR9hjnrPlfNZMlkBbPANuyWGVi60ovKVeqFXcIoAyaZWd8r5VRrC',NULL,5,1),(1417634,'Tumelo','Vikilahle','$2y$10$xMoJNJuMxeSQsuBK9f3EIuQFNw2d6PoRSjspGNKjn1Hronc8REYNO',NULL,5,1),(1418800,'Michael','Patel','$2y$10$ogMLDr2n02/IatjsVDSRsOLqfl2NyWRqHAtsqnxhvUFqpCM1jP7Ua',NULL,5,1),(1419253,'Mmasechaba','Carstens','$2y$10$yr1teWkyKgCY3Tg.ytOOfuEBw5oQAKrsBH4O1HJ2tywME0RNty6Oq',NULL,5,1),(1420408,'Sizwe','Tshabalala','$2y$10$6DSIANZDqYLW1je9siyXmecF.fR5JLkzYlkIvoMTam6.fnHCyoIWS',NULL,5,1),(1422599,'Asher','Qebengu','$2y$10$t7Fg4ySPPvy.JfvNeTslVO0pCQ9K7RzmTjchG05F2Ii6A0umh3n6.',NULL,5,1),(1422908,'Anrich','Dias','$2y$10$P/GmMkMO6kyuEB8Akla2Oev7kP5I0MidEh7/yjZv.TcSgprrEefmi',NULL,5,1),(1425097,'Ndaedzo','Moodley','$2y$10$4MTRIsCoueNRyeFs.qFjj.bi6qhvVN4z6S2QEWNsAwpgLGaTGjax2',NULL,5,1),(1425662,'Goitseone','Budeli','$2y$10$D3ix/yFBCp/0fIJpWq0hO.FqQEt8v/4ARqGK5jsKnaYcq.ZQ2cESS',NULL,5,1),(1425897,'Katleho','Seketa','$2y$10$QN9OD7U3XiTyMYESDjeE3epx.SVxooEkirlitIhi/wgVnIEgeBD5O',NULL,5,1),(1426860,'Anri','Mazid','$2y$10$zowbGYiOTzYi/TMznIN/NerXa4E2igR.ildZnKhJXjA/sm6vjlFNS',NULL,5,1),(1427182,'Thabo','Malekutu','$2y$10$yzwdYjQuvEA9xQ21e.K/oORt9ckxwFTBXus9thOSHLU/Y.s842doa',NULL,5,1),(1430510,'Sifiso','Govender','$2y$10$AFMxQl0ml1yXGmyX/dY0m.RkDXS8Vv2688gEiUzkW3aY1rvUqWxCy',NULL,5,1),(1431874,'Thakhani','Bham','$2y$10$QyTAGcuSC1KsEPa/LfnDSu9S.WiBTbtsammnORIcuz/GLQT3DM2vC',NULL,5,1),(1432249,'Taelo','Ndabambi','$2y$10$Hlzg4ugJE9m4W1FTOZ9zIuK3dim1b8U9UCRONDeLKyCe9LmY/j4He',NULL,5,1),(1432262,'Thabo','Crouch','$2y$10$jc9V9Mt1gkBq4hPptsu9OeLAi/u4X4SKgft0DAShHTDj50JxSPonS',NULL,5,1),(1432316,'Lenyadiwa','Mhlongo','$2y$10$n0EC9tPqTXEtz4el6Vjb0uU1RbFrfCb.sAki6msCZ4TOjCbCEZKPa',NULL,5,1),(1433269,'Marcel','Mhlanga','$2y$10$sh/fEf6TMBp979sKn1kTX.q1y/h5ROLMlf6oRjgssb6hEgKA/zK4y',NULL,5,1),(1434706,'Khumo','Mokoena','$2y$10$IzSdXeB3xIBkJx.GmSvD3e6ymLYCRFCy/l5TdM04HqjLbE8aFYyOS',NULL,5,1),(1435562,'Glenn','Mathebula','$2y$10$LjvVxKSyBDZMGasD1nMEpuZrN8Z7i1JnMkKzBbdLTUwUMFhFNns82',NULL,5,1),(1435852,'Dimpho','Polori','$2y$10$X0DQWIrSMU90MykQuhiwjeigVwNsViOLVNUpR.jwuVASBvkUuWVwm',NULL,5,1),(1439233,'Asher','Madwe','$2y$10$7KUtrthhHadTi8npkd9quenwkZoGwByb.ZdjIBwJ1icCSQRLrurhe',NULL,5,1),(1439787,'Sivenathi','Matshisevhe','$2y$10$Xx8WLWvznOEfWv68aEXZE.GnSNY7S60es.JXYfhpE.EX6b/webjeK',NULL,5,1),(1440606,'Phinda','Osikoya','$2y$10$tmtu9aWaB70lNWLgeq6sPulqEwky.V0FD7eNVg8ze1ED3ov62KR6u',NULL,5,1),(1441058,'Sandiswa','Dlamini','$2y$10$s6io9.Qom2ztaZM7qz00Den2VqX13h0Gz0CcZCgReSnspfGvzf5eq',NULL,5,1),(1441687,'Tristen','Patel','$2y$10$J386Gbbz3l/HjyO1yeK2ju/vAsQ45PgSE9RwXHNV25gFWUifTncNy',NULL,5,1),(1442946,'Nothemba','Ragoonath','$2y$10$trP.oU9jXTk2DKAtl9ZBPu7MDHwt5JRmsbSiOmhiEP8o8.oPd5VQG',NULL,5,1),(1443621,'Given','Maduna','$2y$10$VWDULQqcbAZ/xzUsjucqs.lXsMhAziV4Bn75DSu4zskqU5hLAdjN6',NULL,5,1),(1446761,'Rahube','Mabidikama','$2y$10$VrwPkXBgCe16XhbT71WrC.AsPI63KsVy6s4SWHUGaD2xQZVabTWGu',NULL,5,1),(1447340,'Nicolle','Mthembu','$2y$10$zFYSTgISb/LDJMdM9RxJWeb/LPnfgGXPpukAZYKd4gf9dxu3gmdAi',NULL,5,1),(1448689,'Raramainashe','Makumbane','$2y$10$FF7bRfy43BTvBTlyRfn2jOxwtpr0DDNwYQRBqHTNfEyhBaJhLKApC',NULL,5,1),(1451162,'Titi','Kamotho','$2y$10$/gtX6t8U8zjQVDMwxcDFy.wWpU3seSQiPQ3qd1IwRsAGiyE1fAwam',NULL,5,1),(1451376,'Tshepo','Tutja','$2y$10$oFr6OkN0XwG3fCm8vkY8EeAzEkB5J//Fnjz6pku0SEasa3x3EReue',NULL,5,1),(1451763,'Anrich','Dube','$2y$10$EshV0yceQWEMQHNDTKwy2uQLdZdWGArQ4u4zlWAC5a3Ur4tdhpLaK',NULL,5,1),(1452153,'Mongezi','Muller','$2y$10$WjOEk6gOZTa.sEV7ZwN9xeEPdSU2ekaElcYpY9apgCUd6Tm/0oyDu',NULL,5,1),(1452449,'Kelvin','Mathebula','$2y$10$PaMiA3bOLv0VnKISZq.d7OhlTNhk.hlvK/RDJVlsw1a8DUnAYwmoe',NULL,5,1),(1452912,'Jared','Fokazi','$2y$10$rk0Shgcsopc5Re04L6eqLex8L0uCgOPWTRpmBq238t4Ry8RmB5AEe',NULL,5,1),(1454411,'Lesibana','Xiao','$2y$10$ofRjPvVzbNk7s8ScDp9RHe/lmIzAZairOuCGTYdxTa6VSQo1omom6',NULL,5,1),(1454680,'Caroline','Nembahe','$2y$10$j.fFcUcyIK/7lvlZclKWTulb1/2TKIXP52cCnADwS6UlXS7TvaSha',NULL,5,1),(1454945,'Rishan','Ledwaba','$2y$10$OnEvT7oSJJ1/XHrlSWVoIeZfwDmSqmUeUgzsgmnHlNKh4b1K69e4G',NULL,5,1),(1455630,'Muhummad','Kom','$2y$10$cI4gsR9SEPlHI5bsetVSWO3KiiTOkONIpghwXVMgfMu/R0eG8N3PC',NULL,5,1),(1455983,'Siyabonga','Mpele','$2y$10$2YLjs7/Xe9/OwCcU3jZfu.m4OZjEyXT9EY0ojPDmzidvfbwZvOYRe',NULL,5,1),(1456049,'Darlington','Branga-peicu','$2y$10$Oy2SsJnRS/WkjHGGssXMUO/znpOPlBTv05l3yUNw5U/.hW3uimH6W',NULL,5,1),(1458577,'Karabo','Nundlall','$2y$10$MkeO34YohbQkhDD0yyrLWeLOMJXzIP4uKevjz/.xIvXmklSw1lHYO',NULL,5,1),(1458787,'Naledi','Mathebula','$2y$10$8hJfuDiRNqEbDP2xKYETYO9j9o93uH7g75q5KBFDu79ndShAXNk8G',NULL,5,1),(1459041,'Khumo','Van Der Spuy','$2y$10$.IGZlcgipQ7V3qEs/oHSU.WnvQaveOIRu0qmH2BNjAUaxdXF0N.sy',NULL,5,1),(1459074,'Roman','Mokgapa','$2y$10$jv68L04ceBUb188XSqDzr.IJr2AuIhGOy5REHnkc0eN/au8U8yxLu',NULL,5,1),(1459403,'Louis','Seabi','$2y$10$Alo0KaeIVIm1jQ1GPHLWu.f2.gwh8QRQOt09ZaH.JMvEen6xQSHw6',NULL,5,1),(1460098,'Angela','Gcanga','$2y$10$al73TxhAg7tsZEH2lAsRF.1VieSSGDYmNyFXT/urQXJhT95oFPB2W',NULL,5,1),(1460263,'Lindani','Moswedi','$2y$10$7I3wQ/SwcXFIaW3Z2ISc7.g2BNlsHguPjR.fHU3SBbcbFhAm4Q37K',NULL,5,1),(1460336,'Ian','Nhose','$2y$10$Or3pZ/GU5wG2FNFGeZUsaeu5jlPrObsMblZ0VgTbQidxfaCDT9oZC',NULL,5,1),(1461455,'Tieho','Lukalanga','$2y$10$RuLwYpbdZgOighP0FoNmFe0yKfe48/8zzInouHWfEHgIqi.FQD3EG',NULL,5,1),(1462432,'Jonas','Mothobi','$2y$10$rCIn4N1Wijg9BqIfEQcqLeHIplHPF3zjXP//AbbWBspeEaP3xjDKy',NULL,5,1),(1462512,'Koketso','Rikhotso','$2y$10$BACKEp58VL/cImLhcoLRIeDFYzL1OrTvPZPZ7PDaZLI/m3An/x0ga',NULL,5,1),(1463491,'Khumo','Balassis','$2y$10$94dG7I9Jx1hbOyWIkO2h7uFS2YI5UCfrx89sOrHtSw2.XNYGkhCQq',NULL,5,1),(1463630,'Thaluki','Shilakwe','$2y$10$lgV2aRYea.QcY83Yz0aAO.tj/6Op/6o2PIwOdVrAOA8f64/ZdDjDa',NULL,5,1),(1464585,'Sushil','Moyo','$2y$10$1V3NaGQlnXEGgnNbb0lpSOJmcN4VtlPkiwJOfi5lISNvb1DzNb9Ve',NULL,5,1),(1464819,'Michael','Ratshivhanda','$2y$10$YMHhSnrGeI3InCodxfoaIu3PoJSoyaqtOPwZFWPPBRm180eHUtarm',NULL,5,1),(1464882,'Ayanda','Mabetlela','$2y$10$PTP9397Y2s7yiCfzbojq/.e9o/tRtykPhhyhdM8k0INCDcW7vUiwu',NULL,5,1),(1464971,'Kushal','Kajuna','$2y$10$p3sBvPAEHGrjksQr0H.PbuO4SHaJ6OxNefavSi3.4mq7.GYE1lEfy',NULL,5,1),(1466476,'Mulalo','Radebe','$2y$10$9.2YSmmPm0l0Xfmk5BmEWuDbhLwyqSxDxstP.JEIzJ7fbI8/yaNc6',NULL,5,1),(1466901,'Rinae','Kubheka','$2y$10$JmI6g3MMx3sL4zgUaSP3Ju/1cIGf5QLaZg21DilL.CnXUs8ooeL9O',NULL,5,1),(1467321,'Zweli','Katzen','$2y$10$BYjSaKevmosSnVmzwJy6i./Sg1/yqhHDHsp4VfbAvUcpujsr3fltO',NULL,5,1),(1467931,'Inan','Mthembu','$2y$10$dpJFqj.JHeulVWOn2s5p0OGAlXBi3sUow/zF.xJmsrvd5fHIgr7DG',NULL,5,1),(1468466,'Percy','Radebe','$2y$10$0AXiSROpm0lx1jeLQMRYbegAfoI3q9bYSu.YnLUkA/6hoV55VNp5y',NULL,5,1),(1469143,'Kayleize','Shipiki','$2y$10$ZweLNxuc6IaPTnb5tdF99uInRveHMe.JiHYVYa4J50dIIxKyvpWwi',NULL,5,1),(1469410,'Donald','Makhuvele','$2y$10$Ej/xSgeSfs6YFp6z3A/bxeIz.8vNx.5zU0PKdVgcd74sEtnk5p7Va',NULL,5,1),(1471704,'Bonginkosi','Mohlala','$2y$10$YKgYjbUtxaaLDeNvUhRghOJOLLU/MaofuJ97UTCx4.j6Wuibm5dg2',NULL,5,1),(1472760,'Lungelo','Zulu','$2y$10$7MQhVcS7Yg361VHsbsVxCOSNvgiwdkObkZNubWapLpHM4vVZwRW4u',NULL,5,1),(1476362,'Ayanda','Quzwana','$2y$10$hNHetTq7w6uEm54jh7kOFOxh/ca2xPKo/jZ9geWrA3wy21.8552R6',NULL,5,1),(1477155,'Muziwandile','Mohale','$2y$10$yZKkvehhGsGfYYnLseDUL.dyBnPCS6zMfcPvp0dVvvKJqeiIqZFqW',NULL,5,1),(1477681,'Sithembiso','Brass','$2y$10$2mXX76fFXeIPD72obLNrfOE75dzlWRM6jdxbFp5kW7jjk0z1eZOW6',NULL,5,1),(1479146,'Mihai','Ngwenya','$2y$10$PpRhKtjqyjeHIGI/c/FgM.3ZmgQKnIklQfRc3pNhYCaPCEwLvsUFm',NULL,5,1),(1480964,'Michael','Msibi','$2y$10$1NgwvddXPSjQZoUDp9KsteFh6PNSPy1pgdyuceQesK2rhhug6FniG',NULL,5,1),(1481808,'Tshepo','Luphahla','$2y$10$d23O9FHBP8UnDnk3RhcmEu2kFI3aTeetZfygH6RpssPRVG47qLpp2',NULL,5,1),(1482216,'Freddy','Mogowe','$2y$10$dcCr5geXUtX0Z1/NhLBd1OpcSaYBk9zcNWlG8ygBiGTILSPsxqfeS',NULL,5,1),(1483739,'Samuel','Makgatho','$2y$10$5sldFd.wCOY85F.5Do45cOySs/UD3P8YSw78N4TQQFFM1Nu7urKfO',NULL,5,1),(1484028,'Imitha','Olekantse','$2y$10$i7jJLRPyO9JW3/3JKRlvguQubSOX479CQTraNIFBS3xe02w5UimZK',NULL,5,1),(1486195,'Kimeera','Mthembu','$2y$10$eoc6r8UiojfrqEcLm1vRAeIkGSYvhK7ivtHM7406Ksf.ClOanDLhi',NULL,5,1),(1486905,'Phediso','Tshazi','$2y$10$5j0mxdCU/C2BaJkdhAQ/we1lPfdHZFnh2lk/u1pCCQvd7vMwxP31S',NULL,5,1),(1487676,'Khanyisa','Sowunmi','$2y$10$6V/pJC0SeaPsh2OoDi6jYuhZrzi21BFkRXIvUWAzyDmVEI/A3KGXi',NULL,5,1),(1488156,'Anastacia','Muller','$2y$10$aCTnRZWanTP.I/yGEEqviOggrYIZ1BE1PJUEj5ZqNZfWxZksFOG/2',NULL,5,1),(1488888,'Setlamorago','Khosa','$2y$10$ghKAEufHI0lo93y9qyo1SuGxiBNQIRrvXO3yuLH0GxyHNQN.8Uire',NULL,5,1),(1490897,'Michael','Mbara','$2y$10$cWSaXHT9OMMv5Uu2lGm.keA5bsogvmpzA8FlkJ5SqxULwdAgqOazO',NULL,5,1),(1491108,'Ntwanano','Dube','$2y$10$tkYgp6unT5USmAeCqESajuplI/Q8B8OAGSZ6ti6ZDrqlcoEb/pi1m',NULL,5,1),(1491251,'Kamvalethu','Ooka','$2y$10$0rVhjWANmSKwx9J5nVta1eJbGbNr4MyUoc/IscynrnsG3Ih/3wAri',NULL,5,1),(1492029,'Mulalo','Ngwane','$2y$10$zGHGcqlwVTxXGemDp6NQfOY5b1ouCO0L2KLQFlUZ5p.d5I79/XWYq',NULL,5,1),(1492577,'Bo-yan','Lemao','$2y$10$ufmGEVu3phlDWkQzvunlJ.qOrj1wpNroX4CCo6KNdpXTeComDghNC',NULL,5,1),(1497639,'Sizwe','Brand','$2y$10$VfQTWeRusRTGv.odY7rEGebwHbcRK6op4g7w.PJk9yKzCvI1gOhAa',NULL,5,1),(1499260,'Vutomi','Chauke','$2y$10$iEHa8C7.K/erV4YM.Mt2Lu3Y.qRaKySJNwZzQ2hcqXaC4E.SLkBUu',NULL,5,1),(1499527,'Tshepang','Maseko','$2y$10$kOimbLfmWm63WWDd7lnLGuUKX/oYR.snDCHmUWjKNqRQWi7w6714u',NULL,5,1),(1499589,'Tshimangadzo','Seduma','$2y$10$8N2Ar0FUkzOUyLRhhlppV.rPAv8SFk9zOH8FpUYGwf7BvrNl83SGm',NULL,5,1),(1500155,'Sibusiso','Nekhavhambe','$2y$10$Y4zyZNNgOJWCjagnd0XIW.PegBw9xi97509Cf720xR9HAXqpxXboS',NULL,5,1),(1500524,'Mulisa','Shamu','$2y$10$fuMD9PnssreE7l2bY/1J6O7B.nKRI2Qcg8YtRT6RtHZgyawpApbJW',NULL,5,1),(1501299,'Taeisha','Smith','$2y$10$zgA4gvR58Me/RHEbZ.lDYOk9hBehGIYLvUllOlMtQAtborCVILfnW',NULL,5,1),(1502628,'Nkosikhona','Motaoung','$2y$10$mCS.2S8BWcC0V8fLT8X75Oc9DNdp2fzM.enYpW7fw5voYXzhB.Tau',NULL,5,1),(1503598,'Bonga','Mabunda','$2y$10$eG9DWbWAQ8VieWsU318U1OiA7NP4YQnnjJYWFDV8lF0ic.utIekiW',NULL,5,1),(1503829,'Selebrate','Mlambo','$2y$10$2U9ddTiLf6NgJcFXLW5pSO4UzVtRYAfJf5GvwRE.GIWpOA0334TtW',NULL,5,1),(1503880,'Previn','Moodley','$2y$10$OKBwygHeDOe25VRNeWNr3u9eqV01hqYmhXEI6keJ.9d1TSR2lJnhC',NULL,5,1),(1505491,'Mahlatse','Somacala','$2y$10$NpJ8L0oz9uMLUxXWoj/oIui5hNaR1EWV.soSzC1zdts75Ti0cosPK',NULL,5,1),(1505874,'Zwivhuya','Lutz','$2y$10$Xk/.LgbS4hXhw2QHzr34iuVIlI9qJJTPoH1zDatBNK67fpJJCy03e',NULL,5,1),(1506241,'Kaizer','Khendle','$2y$10$2M61UxV5zNu8vXAQ37lsc.U6AmsPNFo1bmHOnARTi5pj4hlktwXvK',NULL,5,1),(1506360,'Kaizer','Kok','$2y$10$cqV.37BXwj2LJG05EEmk0OZ0UlcM1p4bdSFuos5KsWwDP/SJpjiqC',NULL,5,1),(1506954,'Nhlanhla','Motaoung','$2y$10$gEUNkgRNYhqxjgKhzA1cDOgUlxthGdCCkaywUTwNhctOs6tMacHW.',NULL,5,1),(1508045,'Caroline','Tshamano','$2y$10$aycs9cLPiSMZWo.GQzdJVOoU3/82s.DX0/jLizzh9t6LVZ7cJeute',NULL,5,1),(1508193,'Keanu','Madzima','$2y$10$66DIXh6uUCdR9xVN7d7TeeZDMcTg4bBZ5ZSAqZaRd.ZAeZ.IXPDHu',NULL,5,1),(1509106,'Imitha','Kobe','$2y$10$GibBWROAqzSgkNYJesAvTuPZaxorQ9MIQCW6ZXJ8fM1yf5EerZbTy',NULL,5,1),(1510301,'Terry-lynn','Govender','$2y$10$uDDXb4uD/hvJR6.GJdXij.AvY4LvaK3bwStZjNvXLsTwLO0afedOu',NULL,5,1),(1510339,'Rishan','Monkgelo','$2y$10$pKnbRyz53hDPkJuINsjgceAbMvKUSW00DUkGEim7rvLEozXzH/VJ2',NULL,5,1),(1510507,'Sizwe','Xaba','$2y$10$dInyvOQv57v0CdyuK.wa9.Xh02cWUeN2uDn1IwiIvF9iLedfRM59i',NULL,5,1),(1510612,'Athuli','Seduma','$2y$10$pnZz75Ze/XvYqTjfgZ4fdOg9NuZzDa5NQXKHuqXFSYyCvdY9nqgCW',NULL,5,1),(1511023,'Okuhle','Magabane','$2y$10$PkdTxY4BTW..uezBwA.a4ulq4Dc8dstI4NSAYvPs2L9bF.kKrqDte',NULL,5,1),(1511209,'Reitumetse','Mazid','$2y$10$XeY.k/wfg9NvGWhCi3MXuOaXNu1WQ8BsbptiZfXlkUrgor7rJZeMS',NULL,5,1),(1511476,'Erin','Sultan','$2y$10$MFFeY/2U8n7ksdNfurr3ku4y5s6R8udlfbucdJm.W3IFaXnrEh8YC',NULL,5,1),(1512362,'Sizwe','Bafoly','$2y$10$pSWwILJXg4mp.YX6hXgPSuKBD790mC1zfPuNgKa1NCeIY6TdNccEi',NULL,5,1),(1512912,'Thabiso','Vicente','$2y$10$oni8Df007ngIvg1GeXdJyegHOC5ECGVCkVHAsTTCcQ9YAYd0STK/m',NULL,5,1),(1513397,'Michael','Nhose','$2y$10$vAOOt94lxeQIAIIXLzutD.FGRQ8ku3fil4VCCUfrVpKWRiG2qga32',NULL,5,1),(1513454,'Ntwanano','Bristow','$2y$10$pl.w.GFWBCB35ZYGSVcH9e8jc4kBXUHfe2c28IXNl/BgeDPP/Ay06',NULL,5,1),(1513465,'Nonkululeko','Manga','$2y$10$oOs33jrb8zeMU01zAMHKM.ijz66JuAxyVW8FQR.52XmDOEiW8pHOm',NULL,5,1),(1514380,'Taelo','Duda','$2y$10$G9dgpeNNwE29OCL9LsZKRehnNlD2k9.5kdoXHgT86j25QLC/znUDG',NULL,5,1),(1514837,'Phinda','Nzipo','$2y$10$a8NenjmBLiuuiEQV8V/tvu4PSn2Vzqy9toRqJsdl4wswBiQQwHsjS',NULL,5,1),(1515636,'Tshepang','Axelrod','$2y$10$1XYlL5siZRo2ekU67plQ3.IYxnFA6fPL5y1ISi.6ttFMkUCa0QkZC',NULL,5,1),(1516550,'Tshebi','Smith','$2y$10$la5lDx8Y6UBWBKdCRBPYwePy3SNPrPPVSlFZlPhRvDfkk.1YbVgrK',NULL,5,1),(1517090,'Bonga','Bulbulia','$2y$10$FhwReUChJd46E31MpRXOAevbAcRIn6HDXLVu.R2GU.rm.eFKGMD.G',NULL,5,1),(1517456,'Mmasechaba','Mogowe','$2y$10$TcWdJAG3X186ILtWmJNAeurdDQj9GWSqiYrilZYPYqn3djw/sliTK',NULL,5,1),(1517913,'Athuli','Mogaki','$2y$10$.YfMwAogOxa5PxIzjO8GEuwjmJhfjtO1bogSFvoD1IQ6h1yer4bKa',NULL,5,1),(1518299,'Nihal','Moodley','$2y$10$VLORTI0jKCmAMqZWSjKCeOaR9.4JZ44X5Sn56U.iVzb96oocyhjGy',NULL,5,1),(1518398,'Kaizer','Sesebula','$2y$10$LbiNYaELZK6Q9bBq96JgIu3Bb/64ja7.GJUYOsAh/Eacc17Q00a/S',NULL,5,1),(1518975,'Thabo','Khendle','$2y$10$stIwACa4XbOM6f/09fV3e.YG10UHLAsJ1CmWmZx0bSSEXqmZix8.2',NULL,5,1),(1519223,'Joaquim','Phokane','$2y$10$NtuyNi0tSmvZ..C5geSeuuordbATws7IDzvrlw.TZCvyw5hdT1Tpi',NULL,5,1),(1519691,'Rahul','Kgowana','$2y$10$PKaFxu3TOCOzVrlGPKfE9uyM84ee6N5Aui.ygGAt13GMek9yl/ngm',NULL,5,1),(1520635,'Siyabonga','Molefe','$2y$10$t/R0Hgk1JgncPT3VKYsLQ.J0511FnWK3mSMxNH7YRZKnnbDBP6rF.',NULL,5,1),(1520674,'Sherpad Giyani','Khoza','$2y$10$LH/X5OZe.Qoa70UHHGRL3uBYh4rJQq6sX19uG.ga120I3.uCIiWcK',NULL,5,1),(1520788,'Tshebi','Gaetsosiwe','$2y$10$ZHQ03w7OiRoVpscpz3B34OLO7/7cIBoEaF6f61FtGzXtofE/qNE0y',NULL,5,1),(1520941,'Themba','Tede','$2y$10$Xiuiey7SdD1aBwrAdV.N6ufypVN5yErUGRuTB8rX6ot7nTnju4ARy',NULL,5,1),(1521804,'Mayibongwe','Moditambi','$2y$10$2YnsScIWmRUYICfj2YU/OellqS7CBzbOEr2yiasFEixcXz3z3JlIi',NULL,5,1),(1522174,'Kyesha','Dubula','$2y$10$XV6l3v85WJLpgsMfj0mGkeTsT8J06egUCsAvK4.ZYACS1Uj39ft2C',NULL,5,1),(1522930,'Angela','Chirindza','$2y$10$agIofLSqTp8Wq5JlNrFhY.dRs8CPHnWa8rw4gurQfKTE/vMF85l2a',NULL,5,1),(1524390,'Shavania','Mbara','$2y$10$cqQDy0M8OueT98QF4xvr7Ojud2Lyi8EaLZewmEDRsqb9tF2Izs4om',NULL,5,1),(1525049,'Rishan','Moyo','$2y$10$4MpJ2s7DWyw8Asyl2/wfX.TBLY1AKGbmPysoPGfOBo64Mxq.n2lD.',NULL,5,1),(1526250,'Tiisetso','Ayob','$2y$10$j4Ww1DjAl.i4LX2DMv5EOe6Wnmmgghr3jkZdKenpeWuc3gsnCJABu',NULL,5,1),(1526916,'Sibusiso','Ramogale','$2y$10$NiV0hIlQOoecnQdiVgx09Oi3IR8m0/u8rvmxnAS019kTfARVjZIeu',NULL,5,1),(1527935,'Revash','Duda','$2y$10$12laI6ecahmpaX7UQJqKzupIotvpV42XVa6jtLew.im.KHMYIYBre',NULL,5,1),(1528137,'Thabelang','Mbeki','$2y$10$0K9DylAt.GFY7ptnh.kjX.52dPT8Hz4PVK2nwVyJ78vKW3ZaZ6DRS',NULL,5,1),(1528445,'Matthew','O\'sullivan-hewlett','$2y$10$hISsXxDBa1yPYJPGqOVEv.6AFS/Sa8IuoDfQGeruQzsk7XqwlYsP.',NULL,5,1),(1528979,'Kgaugelo','Vikilahle','$2y$10$DTjlMmkyUEgT8QXUAcP0fONY7qxt3avnvptMJYAAQ80YNEHoEVgfq',NULL,5,1),(1529787,'Sibusiso','Van Der Spuy','$2y$10$wEQWoLMLazwUYlWdNjMGtOybUV1xLT5oDCp.V9/kNmNDYyawbfx3i',NULL,5,1),(1530664,'Tshepo','Ledwaba','$2y$10$uSUcTLfiMsqjjTMwOUYhNuqkz3ipSvfPfmCVLsxFsIqjq6ZCQeb/m',NULL,5,1),(1530974,'Rito','Mbangatha','$2y$10$58eaAiZtF7cmaFzuW8gArOOuooUwTb/tgB/o/iQr3t1eScoYrEqlu',NULL,5,1),(1531401,'Tshegofatso','Mukatuni','$2y$10$jPyi2NYqoBCvTU8ZxXMXb.gIkgwFlFqpA3Al.Y0YhgP1TMppad2G6',NULL,5,1),(1532646,'Thando','Phokane','$2y$10$k/gwDo0Sa406PRi/1oGtL.4Zk47EoV7LkKcZl3.1C/80BmGgUVI9O',NULL,5,1),(1533327,'Jonah','Maoba','$2y$10$yyWkSqxS6yZhYCEsPf14.OyKMgsOQWSz/BOEMI2zIHbfi2XncFkkG',NULL,5,1),(1534241,'Maesela','Seegobin','$2y$10$JbmAxqpPqg3U4URwO/X3W.ZSxVebRJUxNZFM90QgJbGFCnz2vNms6',NULL,5,1),(1534640,'Moshabi','Alexander','$2y$10$LP8hxdBrEcnSkj4c5d7oG.vnHEclluNSJImaxCIT08x9cliYZyUIm',NULL,5,1),(1535077,'Michael-john','Ngwane','$2y$10$8sg42nSpVodUyeWcgnJDgOxPAVuW.0G5xa3eZcgLBcAUQya7LlyiO',NULL,5,1),(1535526,'Vutlhari','Ngwenya','$2y$10$7a2cW7w.bJoOs2UYKTEGTuURVGPguSdj4dEosBx02Msgqnu44Erwu',NULL,5,1),(1536423,'Olebogeng','Ayob','$2y$10$XFc8779JDJrHOKXfBw9nK.Pe5Mn8iQOJTcykVi2BeBjBJNK8ZZj3m',NULL,5,1),(1536922,'Kamogelo','Chezi','$2y$10$dLIMxHnZfaFDk64Tk6AAgugn52Rh8RfiRrKxhclVrkFHc0a5Xc32q',NULL,5,1),(1537557,'Vanda','Monyela','$2y$10$LaJytST1mAmAbRnFpNMOaODT.o1Ao4FHXb8TD2uqQ02pdPAGWYpUu',NULL,5,1),(1537790,'Molefe','Kruger','$2y$10$AtuALOZcXo9HHuGk4/gNPO7cqDne3V3a18GrAYxkS99SsU4Ppf/xy',NULL,5,1),(1538452,'Matthew','Shibambu','$2y$10$47jPHYE4OBKhbWDSR/puaeV6I5GrnQ9KxcjCQKF66WfTUkheWC4l.',NULL,5,1),(1538554,'Xoliswa','Radebe','$2y$10$K7wsm2C32N5/HA3dbSUdU.JrxgyDUwhOH13kX.GIjXf0cQR.FfAoa',NULL,5,1),(1541103,'Noncedo','Mabaso','$2y$10$k5vqmpeuQK71fg0dZ2M6tOR4Qd1USpX3eotdJ6Kw.qud3g4JOh9nK',NULL,5,1),(1541631,'Karabo','Monema','$2y$10$KAaYWgGZgCgHJrVfaeG6EeaaK/8biV.Q1j/slRmE1gkD.S.6Ec/bi',NULL,5,1),(1542442,'Prince','Magabane','$2y$10$LfMPKhCpS3U/7fWoCHMTpOQNMRJTcDA4UoMolIyZ6CHyj7c45u2Dm',NULL,5,1),(1542493,'Donald','Makgoatha','$2y$10$wrm5T5NWCc51mepU3tS26.Z40Pk.87g.14laP2TeJux7CNWNC/Mqm',NULL,5,1),(1543644,'Tshepo','Kamotho','$2y$10$BijX1n0SCGgrYKj3is7clO0zZPN84pSzXtokrxeDcd1cEAeULGyqS',NULL,5,1),(1544087,'Donald','Tshamano','$2y$10$WvyxZ0CLC7hRhUUnHkhTPeawmlP99rmS9Yfk22RtU9oO.vl9Dsx/m',NULL,5,1),(1545124,'Nkosinathi','Olekantse','$2y$10$s2LBqSCpYRrfUEmt1/2RauB17wmAPuxspaXTthF7SAB1cm7.1Sywa',NULL,5,1),(1546223,'Betessa','Kubheka','$2y$10$LTNbb14KfWvQm6V6Kv7C9OrS3Ijp4vKJVdI53r/dGdmPaMic8jer.',NULL,5,1),(1546302,'Siphiwe','Mavimbela','$2y$10$V0yEqsMin5xtBxaK7BkYT.ynm7CbhtgDfUdE0n9rXJuiXBWA/l276',NULL,5,1),(1546551,'Mxolisi','O\'sullivan-hewlett','$2y$10$a.VpYA1LO.kv.xqGnUieiu0FwA9jOTtnV2lGn/TBBMdoR99.lvbBG',NULL,5,1),(1547061,'Sayan','Lamola','$2y$10$HKaTW1fPsY1TZtXvimosV./OrWSWjoxSxAR5DXSRoEvSRLHnO1ddS',NULL,5,1),(1547168,'Jonas','Manyaka','$2y$10$afHsumFyqMlSL8pKK/IxrOg8PJQ3bbiGQ.VS4d43l1HMN1.eBONO2',NULL,5,1),(1547176,'Sithembiso','Rengqe','$2y$10$xUPT6FiN9.UXMY3suaF3lugpAiXcwvxT0gwZiCwwIlgHYUDxtrTKK',NULL,5,1),(1547459,'Imraan','Le Forestier','$2y$10$DQbI3UZCqj4.v5GXLK5Zpej6tZcK4yFmcfODOXSeVoa5NNP8YTiyS',NULL,5,1),(1548183,'Mikyle','Mizrahi','$2y$10$y.H.j9C2d09UcCvG5t7G8ez3wuwpu8CBKnersa48ithRh4Ghtk4V.',NULL,5,1),(1548674,'Sizwe','Mti','$2y$10$48acC72QRP3glVG7F.7OTO7A6zox5jBQUbQVxYH26IeE0SYA4rN7C',NULL,5,1),(1548762,'Kerina','Sanderson','$2y$10$i/r/.AZDq3FjkswWvM3iTOGTvYZ7mcNFJ.gvnZrnse0Hsl5VIzHRq',NULL,5,1),(1548814,'Charmaine','Mofokeng','$2y$10$fFthb1GN6XACDKsF62Tztuf16NrPAS2aFBuFAYE2yeFZg064tSi8a',NULL,5,1),(1549936,'Michael','Pillay','$2y$10$mQSVuL16ejPniJkBFbqj0.tN1CMLEn7c2z.KM4BrDqjJG0ffPcpmO',NULL,5,1),(1550455,'Lenyadiwa','Mulabisani','$2y$10$3XXfzrWBoLToaCrNbhFGZOczVRgZQmkzZ9YBn7DznueoJeg6XB5Qu',NULL,5,1),(1551165,'Phila','Govender','$2y$10$vt1rfB55z22TX1gf1QR6cOuaym/GiJQociPKwtbiRlKVIugFZR.mG',NULL,5,1),(1553403,'Phinda','Sanderson','$2y$10$vlN5WaJwU6jYPlJGnuaOheNvqHzJREPWZLD.38E3h0SYl8e4yVduG',NULL,5,1),(1553646,'Oluwademilade','Mabidikama','$2y$10$YVTR2SwE8nePF9fh9PHFb.DtvOyOsPT60Vk/8uExIW.EGmyBF6bXS',NULL,5,1),(1554838,'Sifiso','Charuma','$2y$10$7.2rB26j.U.JHs3YnE21B.gVyINQivvvg.E71.FcVX.NoM5AnWA4i',NULL,5,1),(1556861,'Kagiso','Mopane','$2y$10$mnF8.jIhqJ7.wSBsAIG7Ie5MjJ0NaTJuunoesG0UdMChgw1PdP2EC',NULL,5,1),(1558242,'Tshepang','Khanyile','$2y$10$D0tt4ukV6u1yUHOR9BtkauWpNZJkKsQtGUebl6ZDXLt/0GTL.sRuS',NULL,5,1),(1558541,'Khumo','Khanyile','$2y$10$CDzQBkLlpxpBSZWQwJz5OuUZjjgR.ybvlvmfaBZwa5GBrJN5pRO06',NULL,5,1),(1559169,'Katleho','Seabi','$2y$10$pi2KdjDjaz7v2tIAM5b9COWF8MllzjECt.GveCh0aqgh5bXbNBu9W',NULL,5,1),(1559220,'Sesona','Dubula','$2y$10$il3ZGvc3tBFt7JqjU5Bx7.ag0k1F8aGRXz/oHG3/wuUk2NaW6yC6W',NULL,5,1),(1559240,'Mmagotsheung','Seretlo','$2y$10$gksPCWXkxu6OhPxvaNQKHeougQL8rR06Yvmm2TBOMLG0tNSP0P5hW',NULL,5,1),(1559675,'Bokamoso','Nkosi','$2y$10$I/aUTKY6GXN/30gOcvzwGO.96dz8TUcnb2ffIujgKNvalQ.NoYdQW',NULL,5,1),(1559726,'Sandiswa','Nundlall','$2y$10$.R7eB36E.XuAyGc3IVGB9.cmIwQ1t5KUUoaSHNebgbMamvyDKIkou',NULL,5,1),(1560138,'Mikyle','Ratshivhanda','$2y$10$gxFoxdEjJiffr2xm2g3.GOR8fm6QczbtErMWedhA7T3upMsyyB2b2',NULL,5,1),(1560976,'Charmaine','Jannsen','$2y$10$UaXYRNmHxPu1zQh1ZkoVKuhdkxI3NDiGTPecAteKLtlRxEmk9/A5q',NULL,5,1),(1561298,'Mervynn','Nkabinde','$2y$10$GCQ8VVZyYErUOKynAOy7dO10YEfTvZNpl32fLRMwoMDELq17PsXRq',NULL,5,1),(1562861,'Nothemba','Mabula','$2y$10$qeUtLXKe.ewFe8lC4duzTeDSynQrFgm9Kmj6dEtyIdE6v8C7z/T8u',NULL,5,1),(1563924,'Asher','Mokabane','$2y$10$O.HLQH7Tt9fI4.ieVHngYOv5PDZJLIukcxXSHYwqT8bIlZ0Nwtj8G',NULL,5,1),(1566156,'Nyikiwile','Dlamini','$2y$10$GEePYAfvMaByaA.zq.vH.utOS4b6wu.oiWTftWOAm6lcB74MX43zK',NULL,5,1),(1568096,'Olebogeng','Kajuna','$2y$10$783iwsqbTB6vQqJSTyJP/OkSWpbH8ls996mF333TP1WWYZRei1wHm',NULL,5,1),(1568385,'Mukonazwothe','Monaisa','$2y$10$YED8vJTbgl3fmGsueBrNM.1sxsmfq6EGbSlrF9m9BfLgkrpUFcGGa',NULL,5,1),(1568400,'Sithembiso','Swartz','$2y$10$NnJS0vIaGWYbAz/KYw.atuk9dURMNiX5mTw415QtIRUhWNEhQrSmG',NULL,5,1),(1568812,'Tshebi','Shibambu','$2y$10$TMB3dtR4.KQscG6ER.Gzp.JULG7NET5TqOr/s6JuRuAGbex0MfAvq',NULL,5,1),(1569937,'Je-m','Dlomo','$2y$10$T8Tr4NVWsHShsHbVUtH2E.8EtM72DMLtA8EBDgIhMm3OmoEeDd27C',NULL,5,1),(1570734,'Arthur','Mabuela','$2y$10$uk0mCX6.RVbnmDgBM3KbIeGgwDcPbT3kOxcWhgE3Z.SZDIqirHRfq',NULL,5,1),(1573518,'Ishmael','Seabi','$2y$10$HQ3M7TS2iuQk5Rqcm2HRE.epGm38rtiB0sRl/MMPdQ9Xfh.u4G08u',NULL,5,1),(1573964,'Rotondwa','Tsagae','$2y$10$xyNc0WHERJj8jV.A0XgiSO1l.pUu348ONGBxLWg5oc1I8mfRJE6/e',NULL,5,1),(1574311,'Rahul','Carstens','$2y$10$7oDhthEdCuNohHnzy/2Dy.8TO6fG/uA.cEYCjXs/2fDhva.6N2ywi',NULL,5,1),(1575078,'Talent','Rabopape','$2y$10$jx4mDLZShYvZBz4QPgXIqOlqS8JbD5mz4oazxXCK4bOmp.oIeaFfy',NULL,5,1),(1575250,'Simon','Mhlongo','$2y$10$WfDmpCN2w0S41tELSeMvCOmoJsQhi3l4yFSjv.lc2AXX6mdT1NfnW',NULL,5,1),(1575388,'Sandile','Zulu','$2y$10$AM92uIfc/UrFZQkiLN42du9Kguz.6oa84FZVcNQNBIT27xkMJy8sG',NULL,5,1),(1575471,'Krithi','Mhlongo','$2y$10$GlztTfJNBmejlkopJdh4QutQfwIC.XeP3FFv53RN1Y7bbJIoC1su.',NULL,5,1),(1575506,'Vanda','Modisha','$2y$10$csftM5M0qn30oZJ6Jjtw2.3MS5FlGH5VeHRTtbTtxBt6l4IRGFF/6',NULL,5,1),(1575507,'Mahlatse','Ntshwane','$2y$10$uMZIxJtvHxuOF/GIScEp..nvDu9d6B3pyMAO06JYukvcFPJRuL7Y6',NULL,5,1),(1576916,'Kgotso','Vikilahle','$2y$10$uc1U3lxkKWs9IEXf9NgdnuFc.kXmxO1uDtT8w0.c6fYMkqmikOiG2',NULL,5,1),(1577212,'Phila','Akhalwaya','$2y$10$X1IfPIE6c.lBtS4/CcZXvOV78Yu0CUcUP0P5tIia6twqYbZ.sJx3S',NULL,5,1),(1577343,'Tshegofatso','Sebothoma','$2y$10$KcEdsMSH1yc0fGLFv2wNUe4vfQn8ZXK3H0FA5q1rDwuFJGR1LNuGG',NULL,5,1),(1577737,'Thato','Lutz','$2y$10$y9nScS/Y4OMbOC9LCJQriub8rjprAhTgz17T6M6HA2eO8Iui18Lg6',NULL,5,1),(1578387,'Mongezi','Mabula','$2y$10$.2ROx.VJ/TCYZLbAnrdqtuP3/MwapFZ5N9UmmRd3yPwVKf2STyIMK',NULL,5,1),(1578800,'Raramainashe','Khendle','$2y$10$tLHm.JfzaMDuPrgUmP/XAupq2XnyAwEFNmRKDHmmcVvMQGljEdnS2',NULL,5,1),(1578905,'Zwivhuya','Sangweni','$2y$10$fBY5.zfhlhuztinY9kiHKOEvC02GS5eVYDMm.OZYWB6buuseUyCLy',NULL,5,1),(1578919,'Vutlhari','Bisnath','$2y$10$CjctzPbjuqlbpSBItBElh.L6VVQWuVjstydP3xA3wROTQijf43HvG',NULL,5,1),(1579175,'Yamkelaokuhle Elliot','Jingili','$2y$10$y8AY1k7JIg07CiUsqtCsJee2stLnBTTbjee/D6cvtjKtEWECsXMwS',NULL,5,1),(1579176,'Sarah','Khwerana','$2y$10$qJFlmom7ckS5egog6cUnfuLY3vaXHy5OnvXdg.9BcyywjrxF6OqaK',NULL,5,1),(1579266,'Imitha','Alexander','$2y$10$VZicNYmxyc3MhWowZ/3vTup6AX90foDe7NFEbvwvYNy125FkYR.0y',NULL,5,1),(1579289,'Sizwe','Mofolo','$2y$10$b3SVr71MVqYtMTjRHGAbw.hZGcbYwd8EmJ5NzAcqpDFUbMDjrlKVu',NULL,5,1),(1579573,'Dimpho','Leseka','$2y$10$JNccGu2evMGoaSl83q0pk.mXQAE7q8h5yI0e0btwVtKeywBjGmRcC',NULL,5,1),(1580189,'Martin','Nare','$2y$10$61ziJMnKfn8cRm0aYVRZpu54bsLpyVS1fnGaJVQjpo.DSHZ6bXyQG',NULL,5,1),(1581274,'Dante','Monaisa','$2y$10$g6BGiIbHKp51CbjP1d6ho.5YkYg1u3OfkXk8czdezFWNkJLQ0ctEq',NULL,5,1),(1581633,'Sizwe','Makumbane','$2y$10$uLqiXDRoX7gY.YHYB5/oDuEd7UAHlLfXmYNOOkSS.hfgy0Hu9uhGe',NULL,5,1),(1581701,'Vanda','Manzini','$2y$10$GaDHOAU9thhhjR.f3Mj/X.S92J.Dz4H0NW9e2bDZIJKNBufni6qWq',NULL,5,1),(1581717,'Nompumelelo','Hlawe','$2y$10$yNc4ZZ8JWsgmnw1wPvMHle1snqsUSgreZW3rfkBfyanIGO27Pb2AW',NULL,5,1),(1581732,'Sivenathi','Musara','$2y$10$B055gh9PfcnvxL85mQ7kWOeewUu4hX83IeZZ7iMxF7lSyCmakugfu',NULL,5,1),(1582083,'Simbarashe','Ismail','$2y$10$LqfuHdQ/mcLMciaYWE09xOiaaDIspxO0/7QoG.07214KMITMDDRdC',NULL,5,1),(1582841,'Oluwademilade','Dlomo','$2y$10$IJh56LgXKd9hMHq7s7DT5O1N5QtGBQMya5HvUoL/zTY3NfOOk2mW2',NULL,5,1),(1583341,'Hlamolo','Ngebhe','$2y$10$3TUN5jLbdwkP9oo1GC6uJuScd.FObxDOHd15ZQB4OU4uIh7.8CiR6',NULL,5,1),(1583349,'Zwivhuya','Mangera','$2y$10$VIx0qC/vAsGmYQEtTbrVjOqBnajySq/unYTw3FB8Do3rlFHxl3Ixq',NULL,5,1),(1583389,'Abdullah','Anastasopoulos','$2y$10$kidtqpAf4lq4D7lYZgvTtO70MioZkkCr6lEZQbAjda0WWprUSAPxq',NULL,5,1),(1584036,'Sandile','Shortland','$2y$10$MoNdeik82ZWdNe5TDvvPUuCOtXoSFnR3YlbdB2IRYnYhs6s3mDjoW',NULL,5,1),(1584819,'Kgomotso','Mabunda','$2y$10$i5FmnYwQgLFK05.Iop92A.ydKAro2FmBpiDrYtA76ZFHm92AGhU3S',NULL,5,1),(1585985,'Mohammed','Khumalo','$2y$10$3rkwW7lJLS3CXIDpY10oG./Nk3i392klRb//4POAnXlAVfaJudVAi',NULL,5,1),(1586144,'Muhummad','Mavimbela','$2y$10$JluvcudqS4R0mXbLfAAbpuQAOR76sKLXqJw.iCFr2lySmwA5RqXqq',NULL,5,1),(1588383,'Nontsikelelo','Van Der Spuy','$2y$10$N6kIvxbneotsVa1PMrlUw.i29YT3WYibIgh5WSbuQW0ROSFZ5k7Mi',NULL,5,1),(1589882,'Sisipho','Khumalo','$2y$10$sOREWJsJ.ahNF0bz6j3RCufPgkuV8DefG37EaTxNl6U2RtZPRkteK',NULL,5,1),(1590037,'Ishmael','Bisnath','$2y$10$YoWXyzrWaGVsdGXtCkckBOQnjLC6eokofiytAeOOfGC1gyIJw0D/m',NULL,5,1),(1590728,'Jesse','Khaile','$2y$10$yKAvqp.NrtCO75kVtGcjme6go.d5M.YyYGslyvwnvQrmHlZtmK4cq',NULL,5,1),(1592027,'Charmaine','Dlamini','$2y$10$vcLi.itsfv8SMgxiklS7auFvJ9epOMMJFTWyWFMXxxE/wCKQqtr9.',NULL,5,1),(1592203,'Bohlokoa','Madlokazi','$2y$10$vD0Ph6DOV4fEDXoyIiq/8.IWy4Gt7Mp.gNcdSF.dA1U2tYupFhhYG',NULL,5,1),(1592453,'Goolam','Carstens','$2y$10$OuQOjchecwY8Md0/PNbbYeBhLhRtE1XAASOXL7qoSBRfDlCdOXNUe',NULL,5,1),(1592701,'Koketso','Mdletshe','$2y$10$wrRbDxMmFycUIhgYeXPAQOoKnOgnbWnRAfOprf0xSLeY2ZDj9g9Gy',NULL,5,1),(1593356,'Mikyle','Alter','$2y$10$t65bIWDOrHBx80yvodR2d.4KroFGCLMqGejVel7K6SaKAEXaF.UtG',NULL,5,1),(1593447,'Thabelang','Madzima','$2y$10$2yZME3hOMlPGXL60VeUJQudIpkjXZ7z6xBSC4lTT1FZYsCdR7/G/q',NULL,5,1),(1595427,'Daniel','Radebe','$2y$10$vyikM4ZsSbVS8QcED.VRP.u7a9ioE4/GaTyzMRPWwIBDjTG9d9Tsa',NULL,5,1),(1596911,'Nosipho','Nian','$2y$10$bHWtlU5jUpMsagDIgCL1keusMbxqOr5VPDX3YyzGIdEcRV9GRQR8a',NULL,5,1),(1596933,'Ayanda','Raphala','$2y$10$cix1T3y3OrJ8dqXGMLkJiOboEo/ABelFbq9NoRquauwwbA0WwDyLe',NULL,5,1),(1598031,'Nonkululeko','Ngwane','$2y$10$bMgHDuCeh6IsugJJ7HV9wOkvgx.TvV34atIz8RR4DVrv2xpS4nxnm',NULL,5,1),(1598443,'Khumo','Brass','$2y$10$8LGosauh2NZQC3BZxy266ulz7FvzSxRbAxzYU1hstxXkD1cQGU3bC',NULL,5,1),(1598859,'Zwivhuya','Ravelle','$2y$10$bLd70KvTihDq0v3/utLXrO9e5qxF8pXleLJHffr9zBeP5/MjZegWC',NULL,5,1),(1600057,'Sibabalo','Mavimbela','$2y$10$UKNp5k5t9PkcqYyAH.8.UO5qb4trY4VBzpc79Gm24P8ShzbUOni1S',NULL,5,1),(1600061,'Donald','Mohlala','$2y$10$UsF80WFJqih9PmyuhS5/Ie9YTC9qFQvms7qkwDusszZK//5sd7MwS',NULL,5,1),(1600119,'Bo-yan','Ntshwane','$2y$10$1G2WCfHFQIktb6/wuq60feXsAo/tNBC8aQFS8KkCZjBWo2adOfH2C',NULL,5,1),(1600548,'Cayleigh','Mathebula','$2y$10$YP2mUnUdSk5pucbJVTH1rekx0FmeYqIZ9swof7SM3tKp3gBVgx6xC',NULL,5,1),(1600669,'Lungelo','Penyenye','$2y$10$5Y0v3DrbUmijgAodm7QIR./an1ZHhxFlOydutpN0yX32IZjSKLBsu',NULL,5,1),(1601567,'Mellisha','Sekhoto','$2y$10$zaXgGXRThdBtm9r3X8eskO1aZaXuXtSDZ7cTttXD24MvO5lF2CFKe',NULL,5,1),(1602162,'Xin','Gomes','$2y$10$MJA0E191b.M3WgTkqDWvROzd29d3tw6AuAx9yj6lJXQ9h1f7ZvSRW',NULL,5,1),(1602566,'Michael','Gwili','$2y$10$TioWu7dwY7Ng..4IWbUZ4.akcBjxHb5KSLjMBsjrwuxQuCg7POFiO',NULL,5,1),(1604055,'Phinda','Fokazi','$2y$10$Ll/oMSvwK7sdf8IOLdv8g.iBKRob9ogNrSYE.ACxx68F0deCxuAf6',NULL,5,1),(1604132,'Michael','Vikilahle','$2y$10$Cwjj/KoHXI66EZkNEi3Ek.VeI63Mav3hMKJ76voZoa.2/JhYkisU6',NULL,5,1),(1606540,'Ra\'eesa','Brass','$2y$10$sQt35cAE/Wvv6MK/YRXqGOhlmaDW1Z136nX8AJrYisOVegO9K1KGS',NULL,5,1),(1606767,'Jacques','Nian','$2y$10$AUb0LhyH3yVD7UtEhOVgwOG5G6pseYItPdiqakLhTKO.pDGO1L6Sy',NULL,5,1),(1607607,'Barabars','Mizrahi','$2y$10$zRdQ2g4PXPFfrH1pzARZF.hCWOo.RU3/8wdq/ile4wB9CD.4oxmx.',NULL,5,1),(1607848,'Simbarashe','Musara','$2y$10$xD0guH.DziWTs5/nubleQey0N1FttLwEjFg09kHuRhT52kGazvR6u',NULL,5,1),(1608032,'Khanyisa','Magadani','$2y$10$PS83QSFp5Cj5/IBJvrgw3.pNfROswiF7RyHsFn8nkfZaflmcSql0q',NULL,5,1),(1608892,'Simbarashe','Makhuvele','$2y$10$m4O/c6dUQtseuRWzc2a0/u8c9r4ZrAnd7cJkGxhBUqwg5TXf3TPV.',NULL,5,1),(1609149,'Paulina','Jingili','$2y$10$eVioCQXJDRPD9nNiXE.2JOE8T4R/CnZYZQLMfY6K/3h5g1TdKRBYm',NULL,5,1),(1609315,'Selebrate','Mabaso','$2y$10$Sk0AMw83HdS.S5.YYFtWDeBT1LlKmhYuqTxmfk/aplOdJgwLhCShi',NULL,5,1),(1610260,'Goitseone','Klein','$2y$10$KFQapIHcjiMpBTYk5STqo.hVQld74z5cbCcp4mXNBqEGVaZEVXQjC',NULL,5,1),(1610642,'Gerald','Mhlongo','$2y$10$Z7l4aXarojd5aSGda9zIMezx0O4bfl5VIAgukyLxFIHzo1VP1778y',NULL,5,1),(1610697,'Skhumbuzo','Ngobeni','$2y$10$SNpbtPaGkPvJzvWNvFM/rOmnAGyWoJG07MZTsvA3Nr2c0ckedCiGq',NULL,5,1),(1612225,'Bohlokoa','Seketa','$2y$10$ZVnTnTDiET9r.ekbdgs/wuhG20o7L.dCGai.2CEJi1mhoaDmp3OSi',NULL,5,1),(1612608,'Nthabiseng','Mesgari','$2y$10$7B0dcCwNsfDks6kfDDr48ObSfEsa2/Raa/9kd80Vz6lAEQLuudp6W',NULL,5,1),(1612726,'Skhumbuzo','Seretlo','$2y$10$DYcChmoapDhW2f4wwOa/8.NWuJrtgx2nXIp0YSEqolcBt.jYspMky',NULL,5,1),(1613163,'Bawinile','Mathebula','$2y$10$1E3KtFZxqqvSgAUTfESjk.NB4XdtwHdMuRJpQvvid2Ms1KzBoDsp2',NULL,5,1),(1613999,'Calvin','Mulabisani','$2y$10$fVFukF.a6YCqxWwIha6Wuu2jAuYcILi25dxy3.xbTqODh2wWDvere',NULL,5,1),(1614053,'Katleho','Dlomo','$2y$10$/N9dyTvRd.ImCmzEtJRfLu7p8Li2GGfzqlX.Rj.y/uk/E80r/6/H6',NULL,5,1),(1614772,'Nhlalala','Alter','$2y$10$PTq1SSI4mbFo7h/.JEU9m.5WLE75Rqij3GyiCwzmS9bvzMfebDkjq',NULL,5,1),(1615176,'Olwethu','Seretlo','$2y$10$uju5wdo5TgNd28T43.jIy.iFrtwUChykwAnNpUOMKX8GsgBq3OYvG',NULL,5,1),(1615553,'Sthembizo','Nkabinde','$2y$10$ipBeF.a8hncd7bPdYTEyEeEsQuRUdxkFd8G1yotV6qlKojN1wWHxq',NULL,5,1),(1615668,'Tumelo','Alter','$2y$10$5Ih.eicu/fZ/wWRLl.iYAejw87yzfQxdx7zlC4qWaS.oynaBl85dm',NULL,5,1),(1615951,'Masego','Mithagare','$2y$10$gMQgmajn9QudYriWesZgUuMoWkIqvbw1O1iiy2/zBEwcOmOX42vke',NULL,5,1),(1616136,'Katlego','Akhalwaya','$2y$10$byrHM6esCK5ti1KeNVOGm.YM0SlXFrKX0b.wBrn00ZRjsjiAE9ePy',NULL,5,1),(1616592,'Karabo','Mdletshe','$2y$10$1gjG3bJj2oK50xYQsHl/C.6eulBGlozBeVxIjspFoJFgjj45zhorK',NULL,5,1),(1617370,'Vanda','Ragoonath','$2y$10$u0qz.5Yvymszl31YbsJKfe9UXedNGn1k.osUAh2nMDEPwukPr0s5e',NULL,5,1),(1617865,'Phinda','Haffejee','$2y$10$vUDaAyEnQNTiuoHhOMmI8ODrJPtLWEKNlSS2ZcQYSCH5BoU2fVOXG',NULL,5,1),(1618384,'Sandiswa','Quzwana','$2y$10$wNURoOcThj4mBpWJ2CfkUOYMDS4XYiEo11H3lovbj0IyTZek2.xny',NULL,5,1),(1618647,'Iman','Dlamini','$2y$10$X35N98YAha41zWC0q7emzugpuX.r86Zrm5dygdyJ4Q.GGkPqxUPK.',NULL,5,1),(1622906,'Maesela','Pillay','$2y$10$46R/jaCCu0X7VhoCk7l8LO0cjsVz2fIpgUqwMvoGiQ3d0DYHKBAEO',NULL,5,1),(1622976,'Lungile','Somacala','$2y$10$W8e7rlCtgzem6ih33LvKl.KszecYjQyEvY8O9t/LLJnSud6M1XzxS',NULL,5,1),(1623471,'Glenn','Maleho','$2y$10$.cYE.YgN6GimMxXPyIyE0Oa4w72gVnbcFQY/3Usg7WFyYhbVax6vW',NULL,5,1),(1623920,'Phediso','Mabunda','$2y$10$V.cZdFQaU.pbPxXEAIi98.vY5eRBkGuu6ju7LO2ykrfBHvyNDu6M2',NULL,5,1),(1624043,'Ramoshaba','Maseko','$2y$10$8HCa1jANcVygtZNwFePZW.qBb8NwJuI.DxGmVHNqRG4LXHfA9CUMO',NULL,5,1),(1624744,'Silindile','Maepa','$2y$10$vUbyjwZ8Fe3ykrmNxomE6.Wi9fZh6.iyeSCQZgqd6iYs4pzV6rYRW',NULL,5,1),(1625672,'Christopher','Seegobin','$2y$10$bEOPFm3fGDEHrw3NAF3G0.lUL6ShcCvevL6lMq2XrwU6eMMuu8JyC',NULL,5,1),(1626007,'Mayibongwe','Mthimkhulu','$2y$10$lqJ7GE6CSa8VMX4.F2Nc/.2uSCnuhOLia.dlPnrk52tQroZdsqbd2',NULL,5,1),(1627960,'Musa','Wu','$2y$10$6UHn0atzbclcLknRBiVqHOA5FY6CWIDChLn01b18sKt0xq0O8MWf2',NULL,5,1),(1628059,'Dimpho','Jingili','$2y$10$XthfPKMZY0MLRRwhvo28ZO9ziX5cJEUYYIEV.erkLq6DAYsKh7Hk.',NULL,5,1),(1628287,'Imitha','Seegobin','$2y$10$HR/NjYKiZMjAd.8CpVPz/e0Lu/10nUxF3.WH6wdK.5dCc9xtw0FJq',NULL,5,1),(1628608,'Nosipho','Chuene','$2y$10$Nn3FHkgW6a7TmgjI2LOHr.wtPuUWa6Se2faxhVRylEtlQBDrIlL4m',NULL,5,1),(1628796,'Kamvalethu','Anastasopoulos','$2y$10$npFkklXu5p0QvebLsniG5eWqDlvg1IFgpNi7LhD/UNvBwbfBb5GzG',NULL,5,1),(1628890,'Chicocho','Bham','$2y$10$0UpgVS74RoRioDzdE3.HDupZ25xMm1oBrO6iIUxmeuu5P3Sga3dES',NULL,5,1),(1629089,'Muziwandile','Maleho','$2y$10$nLyDleB0Ecpr.y3n6/2onObXcg7TowbCSJTqOBYsURpLEy8nEvisS',NULL,5,1),(1629316,'Mpho','Mgenge','$2y$10$CEFQla97VqOxgFxVjZTlsumUXFZay7Yf4pZc3I9Jw4/b52mRsuYNu',NULL,5,1),(1630763,'Tshepang','Mlambo','$2y$10$TfXGGNhpP/G3HWA0eewkyOVlP6QJS/xgNr/OYLdQCvYCsJOIxsbQO',NULL,5,1),(1631352,'Jeremy','Khwerana','$2y$10$kLrKb07oKwRIOHepeKG/h.lzpdfPA1ieWHWhXZdP2aREDzZv/xZoK',NULL,5,1),(1631949,'Tiisetso','Latakgomo','$2y$10$aiGaVW7VjncrmII3eGb01Os8E2ccDJ9m8VkfGT8Szievc.0rwT15S',NULL,5,1),(1632750,'Krithi','Rambaran','$2y$10$eMe/lkF4PhJuxMA/feFRw.DH.pUBdwSDcCwULK01gXOU9NqGebg.K',NULL,5,1),(1632838,'Thobishi','Mogowe','$2y$10$Ut.VispwaMXTDP4HMeWurevg3nmP9aPTIKc68QqlQt8XgZ9Nqh7qe',NULL,5,1),(1633342,'Philane','Bangie','$2y$10$g6sDg0ZnX6IO0IXNK8vQ2Ogv7aoMC4crE4iC6heghlgGXgKlHiWkO',NULL,5,1),(1633638,'Sayan','Manzini','$2y$10$NOpQ0.QyWF9KX20cyFgam.GhUXNWxqingiLWvDLsNKhSDGPfwnQV2',NULL,5,1),(1636382,'Siphiwe','Gxagxa','$2y$10$ozzLp.RNOrJGPe7r1tSEN.xg.eXMoR3caluHMtZufpZNlJ18d7G7W',NULL,5,1),(1637441,'Charmaine','Ntjana','$2y$10$mVQVEdw5dvuIzJR3WurIp.f9TGw.CZuN38tBCZo8Ppm3wB0R6HESm',NULL,5,1),(1638599,'Kgaugelo','Khumalo','$2y$10$ms0XcdIeYaQVKSNfMjX.kuwJQK3lHH511I.2cXEj5fVE.c0aO7UqO',NULL,5,1),(1639828,'Tshepo','Madzivhandila','$2y$10$4VdfNZqbji1USyCp0fVkqevrM5GLr39eeXyr48Irp88YbVq8lf4.q',NULL,5,1),(1640120,'Sipho','Suliman','$2y$10$uLW1L4lcbd1.q7tKnjUnCu3VB.1A8JvxWTlXVSMxaqUlcJvhukGCC',NULL,5,1),(1640300,'Tshenolo','Sekhoto','$2y$10$EUTDgVthUljvB7STfo4gFO/W3hflWu2djzKb5Np1IxkeHlEQsYU6O',NULL,5,1),(1641464,'Moses','Ramukosi','$2y$10$75/SMGtFtunfgo9EB0AjXOs9G0cbOU4lbNbetTn9okA8SEGDc4mZW',NULL,5,1),(1643357,'Mankweyane','Ngobeni','$2y$10$RfCAQkVAAnIG01cDB8vsOuSFe3mOBKFluJmUCSmF9UXe.ECrr2v/i',NULL,5,1),(1643536,'Kimeera','Mogaki','$2y$10$u3b21iVBNdQjRz0x5QvgGundKy6cToiBcpYNChQClTspWoOqMrLiy',NULL,5,1),(1644297,'Christopher','Mesgari','$2y$10$fUINN2cqul6ue6ZP44ZP4.1DYqs5hJ.YpvM74V2XRRaLAWu7wbqNC',NULL,5,1),(1644620,'Tlou','Hlungwane','$2y$10$AdGtJHBxyAX0373r84bwneD77BBCZUaQFt8JWW18yl6rE0y9XNLFS',NULL,5,1),(1644926,'Tiisetso','Ramnarain','$2y$10$Z8aiber0T5VbBkXxYUAvveNapPUeszHpgdOR7NxF50y6VwrEHX92K',NULL,5,1),(1645166,'Lebohang','Modisha','$2y$10$t0jlk3VKqyIxUvCvDfoPAeMyKqgEj0wnx0.4zJhdjuMv3pLOEC1w2',NULL,5,1),(1645334,'Kimeera','Mabaso','$2y$10$NgAQq2Ph21oewS8JV7/0req9eOdsjw8b4X/fo3bKHsqSlADT9fbKu',NULL,5,1),(1645831,'Bonisiwe','Dlamini','$2y$10$BObBfYzm4Zl5IAicE8DkI.8Vdsbm63ptZbXsk6cL9gw9AoFqPwhp.',NULL,5,1),(1645875,'Lisakhanya','Jingili','$2y$10$350u5kIvCueMvhFsRqFG1OYgS9djmpHRlBSqOU/rnIwRZC4H2XloO',NULL,5,1),(1646365,'Thabelang','Plaatjies','$2y$10$gEsQAXkhMW9qEVs/ZW1K6eSDbd2zokBXGgPzKYNeu96PYKha0eYQ6',NULL,5,1),(1649020,'Anrich','Mofolo','$2y$10$/KqqFebQfu2DG0fxRYVAhOVCKW3gwcDXQ671zov.xfocwMwXCUsqe',NULL,5,1),(1649327,'Mothae','Ndzala','$2y$10$mrZkCExr1YqbVJKlKk8jn.6Z/a5FnZMUi/YoB8Bj9y0ViZOnqW3pO',NULL,5,1),(1649519,'Elijah','Phokane','$2y$10$U547y5b7e.TtxJGu93OrN.vjcEZU7QKGP70GZ51i9ISdeMSfu9jaG',NULL,5,1),(1650124,'Previn','Nundlall','$2y$10$YdaH2hsvBLRgT1/3e.4QkO0IrQqOaiCOXWvow/iF5dKQuyBnOox/O',NULL,5,1),(1650364,'Angela','Anastasopoulos','$2y$10$NPCuKKf2YTm1rJ2WX/4p9eKKM/yXz850Pl8rZZ/j03INK5MGiCsAG',NULL,5,1),(1650584,'Ramoshaba','Mhlongo','$2y$10$pYsW5MIy4ITuTBREPO5yYOqd2xBPtEDK42fuM6j6q9OMBNOZXzkQu',NULL,5,1),(1651561,'Asher','Mithagare','$2y$10$uxmYiTp6fivNkhxXqmcYIeasjtGMgpPFWb8Us9WSbX1X6dk.DZ1AW',NULL,5,1),(1651762,'Vutomi','Sanderson','$2y$10$1v8.NpVQzWF.hCqlnRVz7.0Iuj53Ai9aMWe9IC/bXREHr0hftqykW',NULL,5,1),(1651809,'Charmaine','Alter','$2y$10$q4WOTk.E76PmCLlnAXh4tuV0MwNyjQWeMkwsHbHNaGSVO6Dr0KoDW',NULL,5,1),(1652770,'Anastacia','Sanderson','$2y$10$ignQDL3kjQDd9TzBEKufxuDfdTYbzaTwwtTdGXrUveIX.CpjocQgS',NULL,5,1),(1653005,'Thando','Vicente','$2y$10$9fRTZajcOd7F0fMd2RtZMOO/ISbizrmF1wG7h2hQSY3y0JeH7TLv6',NULL,5,1),(1653082,'Chlo','Molupe','$2y$10$wvKVMGNGD8fV701DuewMn.NRrI0MsJ/Zo5O40E.20vM28DwSu4RxS',NULL,5,1),(1653202,'Anrich','Rantekane','$2y$10$wFMR9bB1mki1hJNYrfEG3ui/UJquxuaI0TZ76AktpAskqalzonftC',NULL,5,1),(1653828,'Talifhani','Makhado','$2y$10$9.PGFkr94P4Ogb5Je0tRmusHxZn0N39822zBrr2HgUaz3WalidB/O',NULL,5,1),(1654054,'Lesibana','Lukalanga','$2y$10$3bCwBGSqOouJKvEQvAEJ9uQLizC8yKmETPHJKKJIjD6q7KjxJvu2u',NULL,5,1),(1654212,'Gudani','Khwerana','$2y$10$yU8fU5MVBESwjJq8.Dycke5qKvjESQGFUGhXE3sgUnLu/GxheMrq.',NULL,5,1),(1654594,'Revash','Chezi','$2y$10$y1BbjZD1LdPE6bsgSr2t0Ox/JQ6FwQTRaDC4V9ruZK.jIAKzcOf72',NULL,5,1),(1654757,'Mologadi','Moeketsi','$2y$10$a7NMqrR.wLTY1Et9B/iWaulbX0TbYv4uQpXRuJ/Oy1i3FioCFp6kC',NULL,5,1),(1654782,'Mihai','Moditambi','$2y$10$gGi7MO1sp.N/srNGl0BU.OWjKkATzYmGmuDS6jQBTkVixs3ZYShby',NULL,5,1),(1655900,'Kaone','Mopane','$2y$10$I99Gq9SNKyQ.jqAehlyRf.a.poMxLyZ53TmDqabPXCJIVmxZxzlGy',NULL,5,1),(1656979,'Talent','Luphahla','$2y$10$zkAIP5RWt/Qm3KZyrE7hTOAecHjDHyJNXWtOopeAquL0c6UoGq68S',NULL,5,1),(1657882,'Mojalefa Paul','Makeleni','$2y$10$87aMAgN6uYpZ0UTCvzZcsOQWNJltKAQKT1NMEHWpCnSDsF3WXGwW6',NULL,5,1),(1658844,'Mihai','Khoza','$2y$10$sPOMiFLCx.Q4fSfCIb1cvejuUHqAsAhFB8DGFVEmWjxnjOC.vAwI.',NULL,5,1),(1659511,'Ephraim','Monkgelo','$2y$10$Klpg41OdoQosesko0aWCgO52d86mi9tfBusMEBbGov0RcXNXgOIty',NULL,5,1),(1660859,'Khumo','Ngwane','$2y$10$41QG5EKCNhW9KIAcWNDj6u6cMIwbnoCdPdLHWqQY3yZodwXpsrBIG',NULL,5,1),(1661520,'Qhawe','Ngcayiya','$2y$10$C0Kc3JxrowsqzE0faeiSlumlG0VL4eksJSQkQZhPL40ToiUbWyrR2',NULL,5,1),(1662559,'Rotondwa','Swartz','$2y$10$QQqUQCWTZwb9NGs5iVUXDuxvJIVSb0M9lz59IYtkjWNQKTEGdhgWq',NULL,5,1),(1662626,'Charmaine','Mofokeng','$2y$10$nXqyYWUty/8e9pCHcHSSBO58rPfT7/4w.waLA6tz45L4ofII6Svui',NULL,5,1),(1663602,'Lungelo','Seketa','$2y$10$R0i3j.NulobaYRhyqDJESeaiJGIIhAo8lhRRPmBe7FYL923htycPm',NULL,5,1),(1663703,'Sisipho','Bisnath','$2y$10$8.snctNZezEQPxSZhZ2CnODbguFguPTjuN6.NC.dbeeo3RhK3ZvwW',NULL,5,1),(1665443,'Iman','Gaetsosiwe','$2y$10$k9wCgdXR1.U1oQy1qP3HFO5ScEtn8qi09PYKdEafu3WEKKCgvptoe',NULL,5,1),(1665855,'Mmagotsheung','Nkosi','$2y$10$WrR/OJT5F6zLYMp97LdzhO.Xml9WXVzJOrVoBhxYzmhofyN.p6SGW',NULL,5,1),(1665930,'Ntwanano','Klein','$2y$10$k3yaJRPTQbN/nPCtN1ILpOgNhOtJSnXEwDMYFYUazCXXc3QZKSp8u',NULL,5,1),(1665985,'Tiisetso','Pillay','$2y$10$nHuV06FwAOkEs5B.V1U26u5HeUAB5mTrJRdakTicxN/ALHmBMOZg6',NULL,5,1),(1666073,'Uwais','Madlokazi','$2y$10$WPbV1YF6UXWuk9t/2O/nhuV.YraIQzCTsI7ERK7sga/Ih1CiGdruq',NULL,5,1),(1666645,'Siyabonga','Msibi','$2y$10$mag18H7kzgMtM4XWja8A2eD2MuyMNVb6nIvNCIpk1Unm7Ub3Xql4S',NULL,5,1),(1667890,'Krithi','Carstens','$2y$10$O65c.Blwgw/AJEgypqRfTu.peCgvclTVG9Ny3BTWDT.Hhw4EnlsHS',NULL,5,1),(1668350,'Thabo','Thabethe','$2y$10$HU2ZRQTh7kaWavNdFKCGluaLqCFzZRBLxjjbGSnw4OvIAfcKrDFba',NULL,5,1),(1668789,'Rajohana','Shipiki','$2y$10$guszfeGb3LVFBQ14Xt42kOcO3/aeGrBaW1mMylT28lU./5ayxB2Qq',NULL,5,1),(1669016,'Boitumelo','Mbeki','$2y$10$GyFLdxmNlyVfeJXkZ//F4uMmYO696tuowgeyebyMMg2G5nsd/2HPO',NULL,5,1),(1670940,'Je-m','Khosa','$2y$10$ozRppdF815gP7hZdZ7ZW8.HhU8OM0jyE16f4hHQ1Gp5g4rSVmNW2y',NULL,5,1),(1672326,'Jesse','Maluleke','$2y$10$l3CST6gHATbVjpCs4Ej1k.Vqbkp.Efqs7cgXEtjJDYZ5QLrJiJCoS',NULL,5,1),(1672993,'Tlou','Gaetsosiwe','$2y$10$x/fDEWMRy2fQox72JKrJI.JYHETB2wwRBc/dBWKkdlMvTFYoJefKe',NULL,5,1),(1673529,'Cheryl','Mulabisani','$2y$10$WpVI1Yu1Fos3n5zzaHpV1.yWRMcjMQNS6mtf6j/c5jl8mkdoJHj/i',NULL,5,1),(1673801,'Kerina','Mguni','$2y$10$hvDSWOMYcDNHWZtOfeciCu1q7WQTChTsaZQSDAyFgis1h0FKy5TEa',NULL,5,1),(1675055,'Moshabi','Mazid','$2y$10$gtpsVDCX1dOLVjo7EbiDPe3xJ5/2nWWL2Pn.ImGskw6bylKVaTouG',NULL,5,1),(1677006,'Tshegofatso','Katzen','$2y$10$PYaxD2Xi7Ka/Q63WQiLwOOjT2TMwAq9OJw7yYgjXyxt7GXr2IKWeO',NULL,5,1),(1678076,'Skhumbuzo','Peters','$2y$10$3EpMAFuIrLTA1Vps/FJti..pZZoLzbH3NxzOPjDvz0rsofGGuUFCS',NULL,5,1),(1678248,'Siyamthanda','Sorore','$2y$10$LNLnCH8XSsJrLHmPKSrlT.0l/sIkjgrZYWGf9wS/QFpX1DOeKVPsS',NULL,5,1),(1680148,'Asher','Mazibuko','$2y$10$8fAJbS4H4YSeF7sfaQL1uuOON8zOEBB.TKVCwn26up5kn18CwYpZG',NULL,5,1),(1680698,'Sphamandla','Seabi','$2y$10$Nr1k.ISRZfEcJctPNnASTeoigDNVnWVAZZtVHMsTY80mfu2/tjfmK',NULL,5,1),(1681166,'Jecquelina','Makgatho','$2y$10$Xq/TUvzNzPlC8/dvdG8E1.a4giQaNLydGdXJ2H9ybrFywUv1vL81e',NULL,5,1),(1682266,'Calvin','Modise','$2y$10$0ePU8QdS4HuZK6q9nNPDUexdQ83uMjT5XSx92Wmup2BOJ8r4H4XGO',NULL,5,1),(1682458,'Goolam','Dladla','$2y$10$We3VCyY9QrqUwPaWXyN36O/k/n3vRMIXeroeZrZM/DeXAAVgSEexy',NULL,5,1),(1683806,'Thabelang','Shongwe','$2y$10$9dFDUC12LsemiAwBlH61XuK14fjPb1.wbWOUM.Mhk21Do1bTO3.ji',NULL,5,1),(1684279,'Kagiso','Mugwena','$2y$10$PkNpv/PTEDj//w2VN4.c3e.YL3JGNTO2OBIWMw/fnIB/K2c4/5P22',NULL,5,1),(1684401,'Michael','Moditambi','$2y$10$CQOnSA3wVQkbJKPPVuf4JO72408C8EStyN/7qpNpUL34WrNM/j1r6',NULL,5,1),(1685410,'Ntwanano','Ntshingila','$2y$10$SiaWQGTo6VCYsbxs67B.2eo5tU5Ck6BK22fVr0ingtuTUm37svhEu',NULL,5,1),(1685828,'Musa','Mpele','$2y$10$qcEWK1.I.sMj.h6OnSryEer0UnhmCtvVJjWdq3Xz4gUv1UJ6vgT7y',NULL,5,1),(1686186,'Lungile','Dias','$2y$10$HZ/t.ZCNHLZLS7vvPNnxgOBhnhouMWpUxJd97JwI68yj2eZGrr4He',NULL,5,1),(1686649,'Nkosinathi','Madlala','$2y$10$ePifw7XcWVJh4ebqDLX/wOHzpDQr.ANlXtNdyehWBrNRaw4r0yzZu',NULL,5,1),(1688502,'Skhumbuzo','Govender','$2y$10$YVj3eXJ0UGWVcreo5O27ceC5dvVor4UYXWB5cf/0qKK8283/87o5G',NULL,5,1),(1688985,'Tshilidzi','Klein','$2y$10$4wuGehpq3iTMtF0brPW0AeQcaK1GpJuaDgzZwa5kOmWi/7uWL.gj6',NULL,5,1),(1689543,'Koena','Rantekane','$2y$10$24NYr80py6IlPGzwgzcidObe4cZqpxiboRqsOxkOvrzpjXRU/QszK',NULL,5,1),(1689574,'Goodwill','Mabidikama','$2y$10$PPW5K5Z4s.EbN3vAOzMqze7lGjN8/i0mHBGgRXv7lMDwpElXlcu22',NULL,5,1),(1690082,'Taeisha','Bafoly','$2y$10$KOUB2eulACKPHRRrmuaxvOSyG1zDDLmG.9B8xbVWtTeWxym6Z2ybm',NULL,5,1),(1690216,'Farhaan','Thema','$2y$10$29U4swLFEuSZCDRlbPH.Mu6Wwceln/QL3Bau4LfGF5HgC2GG0hp1W',NULL,5,1),(1691050,'Sithembiso','Sebothoma','$2y$10$ohzSnwCXZSMTqBj5E.XDC.NNBUjDtiyKJDtCsFtg8FQ/CZufKVPgq',NULL,5,1),(1691199,'Noncedo','Polori','$2y$10$t3RO/QGNTdVn1uhWFglbD.wpjkdeog3RDa9yND4U8xG071qTY/JPe',NULL,5,1),(1691540,'Ntwanano','Shoko','$2y$10$HNxUG6rbqyIMi5z5Uugv3O9FbdNNVD4TGIH1z.BFsHWgn9aMKt94y',NULL,5,1),(1692278,'Sizwe','Hlomuka','$2y$10$wXyK8HQjUMYgUE3vQdO2hOKgj8.Erj2sjMS.T0QxXuoasUZH01gaW',NULL,5,1),(1692508,'Daniel','Kanyile','$2y$10$ZNoE1i9a/FrdY2lqYP6vkeB.AZShw1NlJlQ2jJBG0SnWswJJwUT8C',NULL,5,1),(1692849,'Donald','Mhlongo','$2y$10$X9266JGpOPJ4M0jVFZNc0eb3Pu2GzAWfd/RqYq0PxUpkWs9N.1Bpi',NULL,5,1),(1693218,'Khutso','Brass','$2y$10$TYPu2cMpwKWJYtoTpa4zZeYiNMFJxZJiTk82WJ41KEVu7RVXB60t.',NULL,5,1),(1695929,'Ompha','Mofokeng','$2y$10$9SDpEzGtCz5jdXA2POAJmOjiXtTGnBTgcP74ibt.0Ufk4rAWXNE0u',NULL,5,1),(1696347,'Tieho','Molefe','$2y$10$0K0opBhbsZ/bUhu49g3VwOvnFeqXqfpVxExPU8H.8e9rFSVUdYZ0.',NULL,5,1),(1696576,'Sandile','Vallabh','$2y$10$NqjzCgNxakMxtKKUx1CpWOK8UjSActeGc/1QeWz/K2NOpo.YKoPca',NULL,5,1),(1697597,'Tebello','Mofolo','$2y$10$lvaQrwlPfAr99L7pz3oKFuE8B4LmPJ34MDOH9R9EmEy7cQpBxYV6O',NULL,5,1),(1697694,'Keanu','Chauke','$2y$10$qY4Da1S8pEWj9P2pVtu0l.SSHxgghemW3OgFB8wHFqBPgTDWlEiR.',NULL,5,1),(1697922,'Percy','Lerata','$2y$10$b9PqGIysnrgnjVaP0/tTkO/RrD1GVBmZTbuYzle2Jn6b0Khziwufi',NULL,5,1),(1697943,'Paulina','Mokoena','$2y$10$DI8POOjOnafwOYkhe/h4.eoX5vjQuOQ1jWzNOhNAlu/WHe.vPaR9q',NULL,5,1),(1698252,'Silindile','Chuene','$2y$10$LNFcYTX/668F778gprWdZuR0WabJRUsKF3pDaPWqN7fjxU8uN1SrW',NULL,5,1);
/*!40000 ALTER TABLE `user` ENABLE KEYS */;
UNLOCK TABLES;

--
-- Table structure for table `user_type_lookup`
--

DROP TABLE IF EXISTS `user_type_lookup`;
/*!40101 SET @saved_cs_client     = @@character_set_client */;
/*!40101 SET character_set_client = utf8 */;
CREATE TABLE `user_type_lookup` (
  `utl_id` int(1) NOT NULL AUTO_INCREMENT,
  `utl_name` varchar(10) NOT NULL,
  PRIMARY KEY (`utl_id`),
  UNIQUE KEY `utl_name` (`utl_name`)
) ENGINE=InnoDB AUTO_INCREMENT=4 DEFAULT CHARSET=latin1;
/*!40101 SET character_set_client = @saved_cs_client */;

--
-- Dumping data for table `user_type_lookup`
--

LOCK TABLES `user_type_lookup` WRITE;
/*!40000 ALTER TABLE `user_type_lookup` DISABLE KEYS */;
INSERT INTO `user_type_lookup` VALUES (3,'developer'),(2,'lecturer'),(1,'student');
/*!40000 ALTER TABLE `user_type_lookup` ENABLE KEYS */;
UNLOCK TABLES;

--
-- Table structure for table `users`
--

DROP TABLE IF EXISTS `users`;
/*!40101 SET @saved_cs_client     = @@character_set_client */;
/*!40101 SET character_set_client = utf8 */;
CREATE TABLE `users` (
  `id` int(11) NOT NULL AUTO_INCREMENT,
  `email` varchar(50) NOT NULL,
  `password` varchar(32) NOT NULL,
  `town` varchar(10) DEFAULT NULL,
  `username` varchar(10) DEFAULT NULL,
  `f_name` varchar(10) DEFAULT NULL,
  `l_name` varchar(10) DEFAULT NULL,
  PRIMARY KEY (`id`),
  UNIQUE KEY `email` (`email`)
) ENGINE=InnoDB AUTO_INCREMENT=10 DEFAULT CHARSET=latin1;
/*!40101 SET character_set_client = @saved_cs_client */;

--
-- Dumping data for table `users`
--

LOCK TABLES `users` WRITE;
/*!40000 ALTER TABLE `users` DISABLE KEYS */;
INSERT INTO `users` VALUES (4,'app@me.com','c4ca4238a0b923820dcc509a6f75849b','Jozi','NiQi','Ni','Qi'),(5,'app@gmail.com','c4ca4238a0b923820dcc509a6f75849b','Calvas','Nope','Black','Nxo'),(7,'kat@gmail.com','b146a357c57fddd450f6b5c446108672',NULL,NULL,NULL,NULL),(8,'nj@i.co','c20ad4d76fe97759aa27a0c99bff6710','','','',''),(9,'Pravesh@gmail.com','202cb962ac59075b964b07152d234b70','Wits','Pravy','Pravesh','R');
/*!40000 ALTER TABLE `users` ENABLE KEYS */;
UNLOCK TABLES;
/*!40103 SET TIME_ZONE=@OLD_TIME_ZONE */;

/*!40101 SET SQL_MODE=@OLD_SQL_MODE */;
/*!40014 SET FOREIGN_KEY_CHECKS=@OLD_FOREIGN_KEY_CHECKS */;
/*!40014 SET UNIQUE_CHECKS=@OLD_UNIQUE_CHECKS */;
/*!40101 SET CHARACTER_SET_CLIENT=@OLD_CHARACTER_SET_CLIENT */;
/*!40101 SET CHARACTER_SET_RESULTS=@OLD_CHARACTER_SET_RESULTS */;
/*!40101 SET COLLATION_CONNECTION=@OLD_COLLATION_CONNECTION */;
/*!40111 SET SQL_NOTES=@OLD_SQL_NOTES */;

-- Dump completed on 2018-09-29 16:25:48
