id,name,surname
542821,a,b
624508,a,b
656409,a,b
536609,a,b
590622,a,b
692015,a,b
560763,a,b
548557,a,b
511945,a,b
511170,a,b
663699,a,b
579187,a,b
625617,a,b
656482,a,b
567817,a,b
651443,a,b
636478,a,b
505856,a,b
646684,a,b
606284,a,b
526304,a,b
689779,a,b
544182,a,b
543796,a,b
688511,a,b
579556,a,b
528984,a,b
613038,a,b
532623,a,b
533059,a,b
541557,a,b
583059,a,b
517865,a,b
594317,a,b
664582,a,b
670968,a,b
596813,a,b
673360,a,b
529620,a,b
538834,a,b
622116,a,b
531378,a,b
694641,a,b
657949,a,b
590683,a,b
587123,a,b
517522,a,b
686345,a,b
555727,a,b
528701,a,b
643620,a,b
666389,a,b
694741,a,b
612035,a,b
686721,a,b
648246,a,b
525376,a,b
671522,a,b
510648,a,b
672892,a,b
657138,a,b
640475,a,b
564943,a,b
679620,a,b
628103,a,b
665997,a,b
575263,a,b
504330,a,b
578356,a,b
601938,a,b
576969,a,b
604861,a,b
509397,a,b
658397,a,b
675877,a,b
618585,a,b
519362,a,b
696219,a,b
632984,a,b
626045,a,b
563082,a,b
674096,a,b
670656,a,b
632002,a,b
514038,a,b
519695,a,b
533274,a,b
651312,a,b
578509,a,b
554625,a,b
581445,a,b
665689,a,b
535309,a,b
635970,a,b
647616,a,b
600153,a,b
549968,a,b
672256,a,b
500594,a,b
602060,a,b
671612,a,b
642273,a,b
622411,a,b
544740,a,b
591758,a,b
610149,a,b
605595,a,b
617466,a,b
673628,a,b
658748,a,b
648323,a,b
681156,a,b
548710,a,b
677566,a,b
580243,a,b
689544,a,b
568258,a,b
680520,a,b
610983,a,b
583740,a,b
603889,a,b
560705,a,b
517477,a,b
664555,a,b
601241,a,b
680571,a,b
502310,a,b
607975,a,b
702696,a,b
764138,a,b
757100,a,b
831851,a,b
851935,a,b
718548,a,b
739390,a,b
742159,a,b
742760,a,b
898978,a,b
872966,a,b
815581,a,b
739479,a,b
721373,a,b
809398,a,b
839515,a,b
752097,a,b
817477,a,b
758519,a,b
872474,a,b
876064,a,b
818368,a,b
799164,a,b
702998,a,b
803277,a,b
779539,a,b
877147,a,b
782734,a,b
766220,a,b
754312,a,b
815253,a,b
891460,a,b
852306,a,b
858618,a,b
739591,a,b
866211,a,b
763363,a,b
802449,a,b
856563,a,b
718921,a,b
877217,a,b
711724,a,b
827890,a,b
876762,a,b
789162,a,b
896456,a,b
819370,a,b
873397,a,b
775975,a,b
847162,a,b
896104,a,b
769741,a,b
768884,a,b
713390,a,b
745091,a,b
771512,a,b
820362,a,b
847322,a,b
847178,a,b
767380,a,b
861249,a,b
777698,a,b
887171,a,b
878710,a,b
761685,a,b
834609,a,b
739134,a,b
735374,a,b
843550,a,b
848486,a,b
826065,a,b
753626,a,b
781430,a,b
705635,a,b
722183,a,b
750525,a,b
767476,a,b
836111,a,b
710148,a,b
857827,a,b
703338,a,b
884028,a,b
810220,a,b
704005,a,b
801900,a,b
787171,a,b
884625,a,b
806711,a,b
860832,a,b
894726,a,b
738238,a,b
855371,a,b
729203,a,b
864261,a,b
741993,a,b
885380,a,b
850502,a,b
889042,a,b
853325,a,b
773366,a,b
821586,a,b
859457,a,b
751589,a,b
733426,a,b
820768,a,b
880592,a,b
800981,a,b
820006,a,b
878485,a,b
848255,a,b
701070,a,b
834907,a,b
737467,a,b
881174,a,b
776010,a,b
823653,a,b
775789,a,b
765766,a,b
762257,a,b
857683,a,b
700166,a,b
792875,a,b
818801,a,b
801622,a,b
710618,a,b
750754,a,b
799227,a,b
774736,a,b
810265,a,b
728799,a,b
917780,a,b
1060475,a,b
990287,a,b
1017571,a,b
931020,a,b
927110,a,b
1079923,a,b
1040918,a,b
1055924,a,b
929923,a,b
928020,a,b
957785,a,b
997234,a,b
1056292,a,b
1071736,a,b
1082827,a,b
954186,a,b
1048823,a,b
900987,a,b
1085354,a,b
1041589,a,b
1083413,a,b
1005971,a,b
1056032,a,b
1052742,a,b
1075617,a,b
1047585,a,b
906672,a,b
1078553,a,b
1054107,a,b
1041146,a,b
971539,a,b
969397,a,b
980041,a,b
1012586,a,b
912551,a,b
955900,a,b
1060101,a,b
1012029,a,b
1091472,a,b
1095624,a,b
1025925,a,b
1045665,a,b
944555,a,b
967020,a,b
943674,a,b
929044,a,b
1083707,a,b
998507,a,b
991225,a,b
1046999,a,b
1045007,a,b
934841,a,b
993828,a,b
1025483,a,b
916241,a,b
1051266,a,b
1025196,a,b
934486,a,b
1096060,a,b
964716,a,b
1099969,a,b
1080673,a,b
998540,a,b
1097532,a,b
973931,a,b
1083510,a,b
975690,a,b
945303,a,b
1023266,a,b
1064870,a,b
1016275,a,b
984980,a,b
1036988,a,b
913368,a,b
1061278,a,b
1023193,a,b
933508,a,b
968069,a,b
971410,a,b
1045516,a,b
1012994,a,b
964144,a,b
918774,a,b
1018236,a,b
955597,a,b
1003155,a,b
924834,a,b
919178,a,b
955568,a,b
1081902,a,b
915621,a,b
1054464,a,b
958388,a,b
968103,a,b
1022261,a,b
920511,a,b
981145,a,b
1091802,a,b
1087286,a,b
922097,a,b
1093995,a,b
1094896,a,b
901196,a,b
1035082,a,b
971204,a,b
1030977,a,b
987104,a,b
996425,a,b
906590,a,b
1027569,a,b
1060816,a,b
1049453,a,b
1024261,a,b
945888,a,b
1074786,a,b
1035555,a,b
1060071,a,b
1016882,a,b
990135,a,b
958744,a,b
1098418,a,b
1052723,a,b
927175,a,b
1034616,a,b
1047861,a,b
1038592,a,b
917980,a,b
931356,a,b
926071,a,b
1075064,a,b
999371,a,b
1013505,a,b
1057400,a,b
997803,a,b
1072862,a,b
931974,a,b
935913,a,b
994956,a,b
1066559,a,b
1045259,a,b
1059492,a,b
961127,a,b
1022711,a,b
916393,a,b
1062250,a,b
1055262,a,b
904034,a,b
903294,a,b
1162847,a,b
1209171,a,b
1161166,a,b
1191183,a,b
1288093,a,b
1232214,a,b
1211592,a,b
1202068,a,b
1240940,a,b
1118253,a,b
1150532,a,b
1288486,a,b
1177853,a,b
1248420,a,b
1167281,a,b
1256170,a,b
1138910,a,b
1235794,a,b
1173472,a,b
1257652,a,b
1258957,a,b
1254241,a,b
1225024,a,b
1131414,a,b
1171043,a,b
1239188,a,b
1184897,a,b
1291230,a,b
1111846,a,b
1127560,a,b
1254091,a,b
1126231,a,b
1256185,a,b
1194320,a,b
1178249,a,b
1177235,a,b
1269065,a,b
1213271,a,b
1214386,a,b
1159194,a,b
1262007,a,b
1202151,a,b
1261103,a,b
1262564,a,b
1225675,a,b
1116033,a,b
1223844,a,b
1125913,a,b
1183913,a,b
1248968,a,b
1171563,a,b
1101415,a,b
1182425,a,b
1219816,a,b
1127602,a,b
1102482,a,b
1136570,a,b
1254578,a,b
1164377,a,b
1200419,a,b
1254742,a,b
1125150,a,b
1225025,a,b
1232658,a,b
1276176,a,b
1228683,a,b
1299737,a,b
1164728,a,b
1224775,a,b
1160170,a,b
1229058,a,b
1234182,a,b
1109995,a,b
1116757,a,b
1221936,a,b
1257574,a,b
1114141,a,b
1169516,a,b
1261861,a,b
1186993,a,b
1261697,a,b
1139305,a,b
1232362,a,b
1138291,a,b
1293704,a,b
1247212,a,b
1281058,a,b
1133556,a,b
1288572,a,b
1113012,a,b
1165621,a,b
1240050,a,b
1228150,a,b
1191469,a,b
1142767,a,b
1194551,a,b
1217925,a,b
1279607,a,b
1122223,a,b
1124483,a,b
1181280,a,b
1199791,a,b
1276771,a,b
1211989,a,b
1279342,a,b
1131108,a,b
1287094,a,b
1273431,a,b
1114525,a,b
1240013,a,b
1165380,a,b
1156761,a,b
1134837,a,b
1207317,a,b
1229533,a,b
1238689,a,b
1210515,a,b
1133758,a,b
1130896,a,b
1258172,a,b
1219361,a,b
1289889,a,b
1193917,a,b
1211020,a,b
1195172,a,b
1143736,a,b
1109477,a,b
1286050,a,b
1247926,a,b
1111603,a,b
1125552,a,b
1137064,a,b
1232876,a,b
1132312,a,b
1217613,a,b
1286193,a,b
1190749,a,b
1112376,a,b
1253227,a,b
1104245,a,b
1263620,a,b
1154163,a,b
1271089,a,b
1279083,a,b
1181614,a,b
1117265,a,b
1170228,a,b
1294874,a,b
1149259,a,b
1253236,a,b
1161673,a,b
1117457,a,b
1222750,a,b
1116633,a,b
1250076,a,b
1214379,a,b
1212457,a,b
1122930,a,b
1224010,a,b
1145749,a,b
1221015,a,b
1181283,a,b
1212126,a,b
1117520,a,b
1282570,a,b
1238599,a,b
1168923,a,b
1123822,a,b
1165630,a,b
1144921,a,b
1186905,a,b
1120811,a,b
1176676,a,b
1154953,a,b
1146588,a,b
1112848,a,b
1235322,a,b
1106359,a,b
1297410,a,b
1185064,a,b
1281590,a,b
1242112,a,b
1289625,a,b
1239920,a,b
1232602,a,b
1119346,a,b
1246167,a,b
1259440,a,b
1210278,a,b
1201242,a,b
1237102,a,b
1230451,a,b
1265788,a,b
1243716,a,b
1271293,a,b
1169044,a,b
1205722,a,b
1132112,a,b
1125062,a,b
1120257,a,b
1214884,a,b
1118977,a,b
1164520,a,b
1166561,a,b
1147829,a,b
1177317,a,b
1157075,a,b
1258475,a,b
1283569,a,b
1252298,a,b
1259799,a,b
1112158,a,b
1132834,a,b
1292195,a,b
1271878,a,b
1138427,a,b
1105038,a,b
1196674,a,b
1197018,a,b
1118354,a,b
1261788,a,b
1292499,a,b
1211230,a,b
1155080,a,b
1156546,a,b
1104145,a,b
1284676,a,b
1100693,a,b
1176304,a,b
1187872,a,b
1257354,a,b
1149972,a,b
1277390,a,b
1199580,a,b
1134351,a,b
1277705,a,b
1266137,a,b
1122850,a,b
1143770,a,b
1149303,a,b
1172569,a,b
1454411,a,b
1361407,a,b
1351827,a,b
1336649,a,b
1331047,a,b
1316400,a,b
1370900,a,b
1359004,a,b
1333375,a,b
1396451,a,b
1452912,a,b
1323080,a,b
1340680,a,b
1398011,a,b
1337420,a,b
1464819,a,b
1360434,a,b
1492029,a,b
1314877,a,b
1482216,a,b
1364299,a,b
1356891,a,b
1350890,a,b
1344103,a,b
1395607,a,b
1464585,a,b
1375429,a,b
1416532,a,b
1425662,a,b
1371007,a,b
1316589,a,b
1451763,a,b
1460098,a,b
1341101,a,b
1369313,a,b
1347121,a,b
1462432,a,b
1448689,a,b
1314574,a,b
1362471,a,b
1316753,a,b
1366278,a,b
1318471,a,b
1469410,a,b
1358050,a,b
1492577,a,b
1439787,a,b
1490897,a,b
1407734,a,b
1456049,a,b
1486905,a,b
1410962,a,b
1362417,a,b
1407688,a,b
1435852,a,b
1422599,a,b
1472760,a,b
1385520,a,b
1455630,a,b
1302790,a,b
1330514,a,b
1431874,a,b
1385208,a,b
1384067,a,b
1440606,a,b
1347858,a,b
1323100,a,b
1309238,a,b
1458787,a,b
1403213,a,b
1491251,a,b
1309801,a,b
1382600,a,b
1354219,a,b
1491108,a,b
1330232,a,b
1458577,a,b
1313559,a,b
1454680,a,b
1361871,a,b
1383274,a,b
1322292,a,b
1368132,a,b
1467931,a,b
1418800,a,b
1300358,a,b
1466901,a,b
1499260,a,b
1454945,a,b
1320460,a,b
1396683,a,b
1332591,a,b
1332333,a,b
1462512,a,b
1303329,a,b
1359908,a,b
1359946,a,b
1332240,a,b
1488888,a,b
1476362,a,b
1404028,a,b
1432316,a,b
1471704,a,b
1497639,a,b
1383831,a,b
1352641,a,b
1467321,a,b
1459403,a,b
1419253,a,b
1427182,a,b
1488156,a,b
1447340,a,b
1359229,a,b
1398376,a,b
1348428,a,b
1359194,a,b
1371984,a,b
1331184,a,b
1414315,a,b
1459041,a,b
1439233,a,b
1364390,a,b
1351863,a,b
1369628,a,b
1344783,a,b
1487676,a,b
1484028,a,b
1413004,a,b
1357026,a,b
1379330,a,b
1406318,a,b
1463491,a,b
1464971,a,b
1441058,a,b
1451376,a,b
1425097,a,b
1417634,a,b
1321779,a,b
1460336,a,b
1362931,a,b
1468466,a,b
1433269,a,b
1466476,a,b
1309833,a,b
1332670,a,b
1459074,a,b
1336723,a,b
1374257,a,b
1381513,a,b
1369551,a,b
1425897,a,b
1422908,a,b
1461455,a,b
1304982,a,b
1413505,a,b
1464882,a,b
1352712,a,b
1477681,a,b
1317725,a,b
1408516,a,b
1388389,a,b
1483739,a,b
1365822,a,b
1354503,a,b
1362912,a,b
1391752,a,b
1344145,a,b
1327361,a,b
1407582,a,b
1347859,a,b
1404871,a,b
1353682,a,b
1481808,a,b
1411869,a,b
1460263,a,b
1409766,a,b
1469143,a,b
1432262,a,b
1477155,a,b
1420408,a,b
1409652,a,b
1446761,a,b
1300389,a,b
1432249,a,b
1361162,a,b
1309294,a,b
1313962,a,b
1410405,a,b
1338423,a,b
1346778,a,b
1376553,a,b
1480964,a,b
1319538,a,b
1499527,a,b
1400806,a,b
1383975,a,b
1479146,a,b
1335618,a,b
1316805,a,b
1364790,a,b
1455983,a,b
1451162,a,b
1314481,a,b
1463630,a,b
1430510,a,b
1374630,a,b
1441687,a,b
1486195,a,b
1320344,a,b
1367915,a,b
1369248,a,b
1499589,a,b
1452153,a,b
1320332,a,b
1413243,a,b
1388304,a,b
1452449,a,b
1334496,a,b
1435562,a,b
1363480,a,b
1343233,a,b
1393745,a,b
1442946,a,b
1319781,a,b
1443621,a,b
1399627,a,b
1355637,a,b
1426860,a,b
1335835,a,b
1339663,a,b
1403248,a,b
1434706,a,b
1592453,a,b
1535526,a,b
1617865,a,b
1528979,a,b
1562861,a,b
1651561,a,b
1530974,a,b
1653828,a,b
1542442,a,b
1592027,a,b
1505874,a,b
1696347,a,b
1681166,a,b
1573518,a,b
1645875,a,b
1677006,a,b
1639828,a,b
1638599,a,b
1609315,a,b
1592701,a,b
1544087,a,b
1584819,a,b
1579176,a,b
1503880,a,b
1548762,a,b
1693218,a,b
1651809,a,b
1657882,a,b
1644620,a,b
1538452,a,b
1612225,a,b
1622976,a,b
1614772,a,b
1668789,a,b
1678248,a,b
1653082,a,b
1590728,a,b
1650584,a,b
1651762,a,b
1623471,a,b
1684279,a,b
1563924,a,b
1546223,a,b
1568385,a,b
1696576,a,b
1618647,a,b
1581701,a,b
1593447,a,b
1640300,a,b
1533327,a,b
1640120,a,b
1682458,a,b
1558242,a,b
1582841,a,b
1505491,a,b
1500155,a,b
1583389,a,b
1697694,a,b
1691540,a,b
1575471,a,b
1600548,a,b
1547176,a,b
1656979,a,b
1688502,a,b
1690216,a,b
1511023,a,b
1593356,a,b
1586144,a,b
1519223,a,b
1581717,a,b
1653202,a,b
1561298,a,b
1659511,a,b
1541103,a,b
1579266,a,b
1660859,a,b
1515636,a,b
1692849,a,b
1584036,a,b
1646365,a,b
1554838,a,b
1590037,a,b
1573964,a,b
1669016,a,b
1559220,a,b
1610260,a,b
1527935,a,b
1583341,a,b
1592203,a,b
1655900,a,b
1697943,a,b
1541631,a,b
1610697,a,b
1598031,a,b
1547061,a,b
1518398,a,b
1575250,a,b
1508045,a,b
1618384,a,b
1654782,a,b
1628796,a,b
1615668,a,b
1530664,a,b
1689543,a,b
1558541,a,b
1531401,a,b
1519691,a,b
1636382,a,b
1556861,a,b
1670940,a,b
1600119,a,b
1654757,a,b
1652770,a,b
1607607,a,b
1506954,a,b
1520674,a,b
1589882,a,b
1510612,a,b
1502628,a,b
1517913,a,b
1665985,a,b
1644297,a,b
1570734,a,b
1630763,a,b
1529787,a,b
1588383,a,b
1503829,a,b
1514380,a,b
1578387,a,b
1645166,a,b
1512362,a,b
1645334,a,b
1548814,a,b
1613999,a,b
1662626,a,b
1632750,a,b
1568400,a,b
1613163,a,b
1686186,a,b
1689574,a,b
1553646,a,b
1559240,a,b
1602566,a,b
1581633,a,b
1673529,a,b
1688985,a,b
1631352,a,b
1654212,a,b
1550455,a,b
1616136,a,b
1560976,a,b
1666645,a,b
1543644,a,b
1579175,a,b
1666073,a,b
1509106,a,b
1641464,a,b
1534640,a,b
1615553,a,b
1575078,a,b
1609149,a,b
1623920,a,b
1680148,a,b
1610642,a,b
1526250,a,b
1628890,a,b
1665930,a,b
1644926,a,b
1579289,a,b
1575506,a,b
1585985,a,b
1624043,a,b
1579573,a,b
1518975,a,b
1604132,a,b
1532646,a,b
1537790,a,b
1545124,a,b
1633342,a,b
1577343,a,b
1685828,a,b
1524390,a,b
1576916,a,b
1615951,a,b
1602162,a,b
1663703,a,b
1575507,a,b
1616592,a,b
1547168,a,b
1691199,a,b
1581732,a,b
1627960,a,b
1582083,a,b
1596933,a,b
1559169,a,b
1546302,a,b
1697922,a,b
1649020,a,b
1607848,a,b
1580189,a,b
1595427,a,b
1633638,a,b
1665443,a,b
1663602,a,b
1548183,a,b
1503598,a,b
1518299,a,b
1686649,a,b
1514837,a,b
1662559,a,b
1598859,a,b
1608892,a,b
1574311,a,b
1645831,a,b
1534241,a,b
1695929,a,b
1512912,a,b
1661520,a,b
1508193,a,b
1526916,a,b
1631949,a,b
1685410,a,b
1517090,a,b
1650364,a,b
1522174,a,b
1601567,a,b
1517456,a,b
1628608,a,b
1665855,a,b
1537557,a,b
1691050,a,b
1650124,a,b
1549936,a,b
1525049,a,b
1653005,a,b
1578905,a,b
1578800,a,b
1615176,a,b
1684401,a,b
1578919,a,b
1566156,a,b
1673801,a,b
1649327,a,b
1546551,a,b
1551165,a,b
1612726,a,b
1600061,a,b
1672993,a,b
1575388,a,b
1675055,a,b
1510339,a,b
1598443,a,b
1698252,a,b
1553403,a,b
1612608,a,b
1628287,a,b
1548674,a,b
1513454,a,b
1606540,a,b
1520941,a,b
1649519,a,b
1536922,a,b
1622906,a,b
1520788,a,b
1583349,a,b
1568812,a,b
1682266,a,b
1506360,a,b
1511209,a,b
1581274,a,b
1628059,a,b
1500524,a,b
1608032,a,b
1683806,a,b
1697597,a,b
1510301,a,b
1658844,a,b
1560138,a,b
1528445,a,b
1643357,a,b
1510507,a,b
1506241,a,b
1643536,a,b
1536423,a,b
1672326,a,b
1606767,a,b
1568096,a,b
1513465,a,b
1604055,a,b
1501299,a,b
1668350,a,b
1690082,a,b
1577212,a,b
1632838,a,b
1522930,a,b
1596911,a,b
1528137,a,b
1535077,a,b
1577737,a,b
1680698,a,b
1637441,a,b
1692508,a,b
1667890,a,b
1547459,a,b
1629316,a,b
1617370,a,b
1521804,a,b
1600057,a,b
1692278,a,b
1559726,a,b
1626007,a,b
1654054,a,b
1625672,a,b
1629089,a,b
1542493,a,b
1513397,a,b
1654594,a,b
1600669,a,b
1516550,a,b
1678076,a,b
1624744,a,b
1569937,a,b
1614053,a,b
1538554,a,b
1520635,a,b
1559675,a,b
1511476,a,b
1515011,a,b
